,Noise_Param,Fidelity_1,Fidelity_2,Fidelity_Anonymous,Fidelity_GHZ,Fidelity_Analytic,data_anonymous
0,0,1,1,1,1,,"[[0.25+0.j 0.  +0.j 0.  +0.j ... 0.  +0.j 0.  +0.j 0.25+0.j]
 [0.  +0.j 0.  +0.j 0.  +0.j ... 0.  +0.j 0.  +0.j 0.  +0.j]
 [0.  +0.j 0.  +0.j 0.  +0.j ... 0.  +0.j 0.  +0.j 0.  +0.j]
 ...
 [0.  +0.j 0.  +0.j 0.  +0.j ... 0.  +0.j 0.  +0.j 0.  +0.j]
 [0.  +0.j 0.  +0.j 0.  +0.j ... 0.  +0.j 0.  +0.j 0.  +0.j]
 [0.25+0.j 0.  +0.j 0.  +0.j ... 0.  +0.j 0.  +0.j 0.25+0.j]]"
1,0.0101010101,0.93959167,0.938439743,0.907695015,0.907695027,,"[[0.25      +0.j 0.        +0.j 0.        +0.j ... 0.        +0.j
  0.        +0.j 0.16621523+0.j]
 [0.        +0.j 0.        +0.j 0.        +0.j ... 0.        +0.j
  0.        +0.j 0.        +0.j]
 [0.        +0.j 0.        +0.j 0.        +0.j ... 0.        +0.j
  0.        +0.j 0.        +0.j]
 ...
 [0.        +0.j 0.        +0.j 0.        +0.j ... 0.        +0.j
  0.        +0.j 0.        +0.j]
 [0.        +0.j 0.        +0.j 0.        +0.j ... 0.        +0.j
  0.        +0.j 0.        +0.j]
 [0.16621523+0.j 0.        +0.j 0.        +0.j ... 0.        +0.j
  0.        +0.j 0.25      +0.j]]"
2,0.0202020202,0.889411657,0.887302855,0.831019918,0.831019918,,"[[0.25      +0.j 0.        +0.j 0.        +0.j ... 0.        +0.j
  0.        +0.j 0.10957418+0.j]
 [0.        +0.j 0.        +0.j 0.        +0.j ... 0.        +0.j
  0.        +0.j 0.        +0.j]
 [0.        +0.j 0.        +0.j 0.        +0.j ... 0.        +0.j
  0.        +0.j 0.        +0.j]
 ...
 [0.        +0.j 0.        +0.j 0.        +0.j ... 0.        +0.j
  0.        +0.j 0.        +0.j]
 [0.        +0.j 0.        +0.j 0.        +0.j ... 0.        +0.j
  0.        +0.j 0.        +0.j]
 [0.10957418+0.j 0.        +0.j 0.        +0.j ... 0.        +0.j
  0.        +0.j 0.25      +0.j]]"
3,0.0303030303,0.847890878,0.844990324,0.767576238,0.767576249,,"[[0.25      +0.j 0.        +0.j 0.        +0.j ... 0.        +0.j
  0.        +0.j 0.07159704+0.j]
 [0.        +0.j 0.        +0.j 0.        +0.j ... 0.        +0.j
  0.        +0.j 0.        +0.j]
 [0.        +0.j 0.        +0.j 0.        +0.j ... 0.        +0.j
  0.        +0.j 0.        +0.j]
 ...
 [0.        +0.j 0.        +0.j 0.        +0.j ... 0.        +0.j
  0.        +0.j 0.        +0.j]
 [0.        +0.j 0.        +0.j 0.        +0.j ... 0.        +0.j
  0.        +0.j 0.        +0.j]
 [0.07159704+0.j 0.        +0.j 0.        +0.j ... 0.        +0.j
  0.        +0.j 0.25      +0.j]]"
4,0.0404040404,0.813674691,0.810121675,0.715294038,0.715294027,,"[[0.25      +0.j 0.        +0.j 0.        +0.j ... 0.        +0.j
  0.        +0.j 0.04635152+0.j]
 [0.        +0.j 0.        +0.j 0.        +0.j ... 0.        +0.j
  0.        +0.j 0.        +0.j]
 [0.        +0.j 0.        +0.j 0.        +0.j ... 0.        +0.j
  0.        +0.j 0.        +0.j]
 ...
 [0.        +0.j 0.        +0.j 0.        +0.j ... 0.        +0.j
  0.        +0.j 0.        +0.j]
 [0.        +0.j 0.        +0.j 0.        +0.j ... 0.        +0.j
  0.        +0.j 0.        +0.j]
 [0.04635152+0.j 0.        +0.j 0.        +0.j ... 0.        +0.j
  0.        +0.j 0.25      +0.j]]"
5,0.0505050505,0.785597626,0.781509215,0.672392404,0.672392414,,"[[0.25      +0.j 0.        +0.j 0.        +0.j ... 0.        +0.j
  0.        +0.j 0.02971914+0.j]
 [0.        +0.j 0.        +0.j 0.        +0.j ... 0.        +0.j
  0.        +0.j 0.        +0.j]
 [0.        +0.j 0.        +0.j 0.        +0.j ... 0.        +0.j
  0.        +0.j 0.        +0.j]
 ...
 [0.        +0.j 0.        +0.j 0.        +0.j ... 0.        +0.j
  0.        +0.j 0.        +0.j]
 [0.        +0.j 0.        +0.j 0.        +0.j ... 0.        +0.j
  0.        +0.j 0.        +0.j]
 [0.02971914+0.j 0.        +0.j 0.        +0.j ... 0.        +0.j
  0.        +0.j 0.25      +0.j]]"
6,0.0606060606,0.762660292,0.758134494,0.637344282,0.637344292,,"[[0.25      +0.j 0.        +0.j 0.        +0.j ... 0.        +0.j
  0.        +0.j 0.01886345+0.j]
 [0.        +0.j 0.        +0.j 0.        +0.j ... 0.        +0.j
  0.        +0.j 0.        +0.j]
 [0.        +0.j 0.        +0.j 0.        +0.j ... 0.        +0.j
  0.        +0.j 0.        +0.j]
 ...
 [0.        +0.j 0.        +0.j 0.        +0.j ... 0.        +0.j
  0.        +0.j 0.        +0.j]
 [0.        +0.j 0.        +0.j 0.        +0.j ... 0.        +0.j
  0.        +0.j 0.        +0.j]
 [0.01886345+0.j 0.        +0.j 0.        +0.j ... 0.        +0.j
  0.        +0.j 0.25      +0.j]]"
7,0.0707070707,0.744008664,0.739127202,0.608844707,0.608844707,,"[[0.25      +0.j 0.        +0.j 0.        +0.j ... 0.        +0.j
  0.        +0.j 0.01184717+0.j]
 [0.        +0.j 0.        +0.j 0.        +0.j ... 0.        +0.j
  0.        +0.j 0.        +0.j]
 [0.        +0.j 0.        +0.j 0.        +0.j ... 0.        +0.j
  0.        +0.j 0.        +0.j]
 ...
 [0.        +0.j 0.        +0.j 0.        +0.j ... 0.        +0.j
  0.        +0.j 0.        +0.j]
 [0.        +0.j 0.        +0.j 0.        +0.j ... 0.        +0.j
  0.        +0.j 0.        +0.j]
 [0.01184717+0.j 0.        +0.j 0.        +0.j ... 0.        +0.j
  0.        +0.j 0.25      +0.j]]"
8,0.0808080808,0.728915569,0.7237463,0.585782566,0.585782556,,"[[0.25      +0.j 0.        +0.j 0.        +0.j ... 0.        +0.j
  0.        +0.j 0.00735865+0.j]
 [0.        +0.j 0.        +0.j 0.        +0.j ... 0.        +0.j
  0.        +0.j 0.        +0.j]
 [0.        +0.j 0.        +0.j 0.        +0.j ... 0.        +0.j
  0.        +0.j 0.        +0.j]
 ...
 [0.        +0.j 0.        +0.j 0.        +0.j ... 0.        +0.j
  0.        +0.j 0.        +0.j]
 [0.        +0.j 0.        +0.j 0.        +0.j ... 0.        +0.j
  0.        +0.j 0.        +0.j]
 [0.00735865+0.j 0.        +0.j 0.        +0.j ... 0.        +0.j
  0.        +0.j 0.25      +0.j]]"
9,0.0909090909,0.716764179,0.711363199,0.56721533,0.567215326,,"[[0.25     +0.j 0.       +0.j 0.       +0.j ... 0.       +0.j
  0.       +0.j 0.0045179+0.j]
 [0.       +0.j 0.       +0.j 0.       +0.j ... 0.       +0.j
  0.       +0.j 0.       +0.j]
 [0.       +0.j 0.       +0.j 0.       +0.j ... 0.       +0.j
  0.       +0.j 0.       +0.j]
 ...
 [0.       +0.j 0.       +0.j 0.       +0.j ... 0.       +0.j
  0.       +0.j 0.       +0.j]
 [0.       +0.j 0.       +0.j 0.       +0.j ... 0.       +0.j
  0.       +0.j 0.       +0.j]
 [0.0045179+0.j 0.       +0.j 0.       +0.j ... 0.       +0.j
  0.       +0.j 0.25     +0.j]]"
10,0.101010101,0.707033337,0.701446802,0.552346673,0.552346673,,"[[0.25      +0.j 0.        +0.j 0.        +0.j ... 0.        +0.j
  0.        +0.j 0.00274017+0.j]
 [0.        +0.j 0.        +0.j 0.        +0.j ... 0.        +0.j
  0.        +0.j 0.        +0.j]
 [0.        +0.j 0.        +0.j 0.        +0.j ... 0.        +0.j
  0.        +0.j 0.        +0.j]
 ...
 [0.        +0.j 0.        +0.j 0.        +0.j ... 0.        +0.j
  0.        +0.j 0.        +0.j]
 [0.        +0.j 0.        +0.j 0.        +0.j ... 0.        +0.j
  0.        +0.j 0.        +0.j]
 [0.00274017+0.j 0.        +0.j 0.        +0.j ... 0.        +0.j
  0.        +0.j 0.25      +0.j]]"
11,0.111111111,0.699284541,0.693550245,0.540506555,0.540506564,,"[[0.25      +0.j 0.        +0.j 0.        +0.j ... 0.        +0.j
  0.        +0.j 0.00164078+0.j]
 [0.        +0.j 0.        +0.j 0.        +0.j ... 0.        +0.j
  0.        +0.j 0.        +0.j]
 [0.        +0.j 0.        +0.j 0.        +0.j ... 0.        +0.j
  0.        +0.j 0.        +0.j]
 ...
 [0.        +0.j 0.        +0.j 0.        +0.j ... 0.        +0.j
  0.        +0.j 0.        +0.j]
 [0.        +0.j 0.        +0.j 0.        +0.j ... 0.        +0.j
  0.        +0.j 0.        +0.j]
 [0.00164078+0.j 0.        +0.j 0.        +0.j ... 0.        +0.j
  0.        +0.j 0.25      +0.j]]"
12,0.121212121,0.693150441,0.687299176,0.531133697,0.531133697,,"[[0.25      +0.j 0.        +0.j 0.        +0.j ... 0.        +0.j
  0.        +0.j 0.00096931+0.j]
 [0.        +0.j 0.        +0.j 0.        +0.j ... 0.        +0.j
  0.        +0.j 0.        +0.j]
 [0.        +0.j 0.        +0.j 0.        +0.j ... 0.        +0.j
  0.        +0.j 0.        +0.j]
 ...
 [0.        +0.j 0.        +0.j 0.        +0.j ... 0.        +0.j
  0.        +0.j 0.        +0.j]
 [0.        +0.j 0.        +0.j 0.        +0.j ... 0.        +0.j
  0.        +0.j 0.        +0.j]
 [0.00096931+0.j 0.        +0.j 0.        +0.j ... 0.        +0.j
  0.        +0.j 0.25      +0.j]]"
13,0.131313131,0.688324707,0.682381421,0.523760025,0.523760012,,"[[0.25      +0.j 0.        +0.j 0.        +0.j ... 0.        +0.j
  0.        +0.j 0.00056454+0.j]
 [0.        +0.j 0.        +0.j 0.        +0.j ... 0.        +0.j
  0.        +0.j 0.        +0.j]
 [0.        +0.j 0.        +0.j 0.        +0.j ... 0.        +0.j
  0.        +0.j 0.        +0.j]
 ...
 [0.        +0.j 0.        +0.j 0.        +0.j ... 0.        +0.j
  0.        +0.j 0.        +0.j]
 [0.        +0.j 0.        +0.j 0.        +0.j ... 0.        +0.j
  0.        +0.j 0.        +0.j]
 [0.00056454+0.j 0.        +0.j 0.        +0.j ... 0.        +0.j
  0.        +0.j 0.25      +0.j]]"
14,0.141414141,0.684553122,0.678537917,0.517997059,0.517997059,,"[[0.25      +0.j 0.        +0.j 0.        +0.j ... 0.        +0.j
  0.        +0.j 0.00032389+0.j]
 [0.        +0.j 0.        +0.j 0.        +0.j ... 0.        +0.j
  0.        +0.j 0.        +0.j]
 [0.        +0.j 0.        +0.j 0.        +0.j ... 0.        +0.j
  0.        +0.j 0.        +0.j]
 ...
 [0.        +0.j 0.        +0.j 0.        +0.j ... 0.        +0.j
  0.        +0.j 0.        +0.j]
 [0.        +0.j 0.        +0.j 0.        +0.j ... 0.        +0.j
  0.        +0.j 0.        +0.j]
 [0.00032389+0.j 0.        +0.j 0.        +0.j ... 0.        +0.j
  0.        +0.j 0.25      +0.j]]"
15,0.151515152,0.681625789,0.675554764,0.513524118,0.513524118,,"[[2.5000000e-01+0.j 0.0000000e+00+0.j 0.0000000e+00+0.j ...
  0.0000000e+00+0.j 0.0000000e+00+0.j 1.8290178e-04+0.j]
 [0.0000000e+00+0.j 0.0000000e+00+0.j 0.0000000e+00+0.j ...
  0.0000000e+00+0.j 0.0000000e+00+0.j 0.0000000e+00+0.j]
 [0.0000000e+00+0.j 0.0000000e+00+0.j 0.0000000e+00+0.j ...
  0.0000000e+00+0.j 0.0000000e+00+0.j 0.0000000e+00+0.j]
 ...
 [0.0000000e+00+0.j 0.0000000e+00+0.j 0.0000000e+00+0.j ...
  0.0000000e+00+0.j 0.0000000e+00+0.j 0.0000000e+00+0.j]
 [0.0000000e+00+0.j 0.0000000e+00+0.j 0.0000000e+00+0.j ...
  0.0000000e+00+0.j 0.0000000e+00+0.j 0.0000000e+00+0.j]
 [1.8290178e-04+0.j 0.0000000e+00+0.j 0.0000000e+00+0.j ...
  0.0000000e+00+0.j 0.0000000e+00+0.j 2.5000000e-01+0.j]]"
16,0.161616162,0.679370339,0.673256305,0.510077808,0.510077817,,"[[2.50000000e-01+0.j 0.00000000e+00+0.j 0.00000000e+00+0.j ...
  0.00000000e+00+0.j 0.00000000e+00+0.j 1.01562217e-04+0.j]
 [0.00000000e+00+0.j 0.00000000e+00+0.j 0.00000000e+00+0.j ...
  0.00000000e+00+0.j 0.00000000e+00+0.j 0.00000000e+00+0.j]
 [0.00000000e+00+0.j 0.00000000e+00+0.j 0.00000000e+00+0.j ...
  0.00000000e+00+0.j 0.00000000e+00+0.j 0.00000000e+00+0.j]
 ...
 [0.00000000e+00+0.j 0.00000000e+00+0.j 0.00000000e+00+0.j ...
  0.00000000e+00+0.j 0.00000000e+00+0.j 0.00000000e+00+0.j]
 [0.00000000e+00+0.j 0.00000000e+00+0.j 0.00000000e+00+0.j ...
  0.00000000e+00+0.j 0.00000000e+00+0.j 0.00000000e+00+0.j]
 [1.01562217e-04+0.j 0.00000000e+00+0.j 0.00000000e+00+0.j ...
  0.00000000e+00+0.j 0.00000000e+00+0.j 2.50000000e-01+0.j]]"
17,0.171717172,0.67764602,0.671499105,0.507443071,0.507443062,,"[[2.50000000e-01+0.j 0.00000000e+00+0.j 0.00000000e+00+0.j ...
  0.00000000e+00+0.j 0.00000000e+00+0.j 5.53991689e-05+0.j]
 [0.00000000e+00+0.j 0.00000000e+00+0.j 0.00000000e+00+0.j ...
  0.00000000e+00+0.j 0.00000000e+00+0.j 0.00000000e+00+0.j]
 [0.00000000e+00+0.j 0.00000000e+00+0.j 0.00000000e+00+0.j ...
  0.00000000e+00+0.j 0.00000000e+00+0.j 0.00000000e+00+0.j]
 ...
 [0.00000000e+00+0.j 0.00000000e+00+0.j 0.00000000e+00+0.j ...
  0.00000000e+00+0.j 0.00000000e+00+0.j 0.00000000e+00+0.j]
 [0.00000000e+00+0.j 0.00000000e+00+0.j 0.00000000e+00+0.j ...
  0.00000000e+00+0.j 0.00000000e+00+0.j 0.00000000e+00+0.j]
 [5.53991689e-05+0.j 0.00000000e+00+0.j 0.00000000e+00+0.j ...
  0.00000000e+00+0.j 0.00000000e+00+0.j 2.50000000e-01+0.j]]"
18,0.181818182,0.676338591,0.670166745,0.505445331,0.505445331,,"[[2.50000000e-01+0.j 0.00000000e+00+0.j 0.00000000e+00+0.j ...
  0.00000000e+00+0.j 0.00000000e+00+0.j 2.96515299e-05+0.j]
 [0.00000000e+00+0.j 0.00000000e+00+0.j 0.00000000e+00+0.j ...
  0.00000000e+00+0.j 0.00000000e+00+0.j 0.00000000e+00+0.j]
 [0.00000000e+00+0.j 0.00000000e+00+0.j 0.00000000e+00+0.j ...
  0.00000000e+00+0.j 0.00000000e+00+0.j 0.00000000e+00+0.j]
 ...
 [0.00000000e+00+0.j 0.00000000e+00+0.j 0.00000000e+00+0.j ...
  0.00000000e+00+0.j 0.00000000e+00+0.j 0.00000000e+00+0.j]
 [0.00000000e+00+0.j 0.00000000e+00+0.j 0.00000000e+00+0.j ...
  0.00000000e+00+0.j 0.00000000e+00+0.j 0.00000000e+00+0.j]
 [2.96515299e-05+0.j 0.00000000e+00+0.j 0.00000000e+00+0.j ...
  0.00000000e+00+0.j 0.00000000e+00+0.j 2.50000000e-01+0.j]]"
19,0.191919192,0.675355924,0.66916534,0.503943814,0.503943814,,"[[2.50000000e-01+0.j 0.00000000e+00+0.j 0.00000000e+00+0.j ...
  0.00000000e+00+0.j 0.00000000e+00+0.j 1.55536677e-05+0.j]
 [0.00000000e+00+0.j 0.00000000e+00+0.j 0.00000000e+00+0.j ...
  0.00000000e+00+0.j 0.00000000e+00+0.j 0.00000000e+00+0.j]
 [0.00000000e+00+0.j 0.00000000e+00+0.j 0.00000000e+00+0.j ...
  0.00000000e+00+0.j 0.00000000e+00+0.j 0.00000000e+00+0.j]
 ...
 [0.00000000e+00+0.j 0.00000000e+00+0.j 0.00000000e+00+0.j ...
  0.00000000e+00+0.j 0.00000000e+00+0.j 0.00000000e+00+0.j]
 [0.00000000e+00+0.j 0.00000000e+00+0.j 0.00000000e+00+0.j ...
  0.00000000e+00+0.j 0.00000000e+00+0.j 0.00000000e+00+0.j]
 [1.55536677e-05+0.j 0.00000000e+00+0.j 0.00000000e+00+0.j ...
  0.00000000e+00+0.j 0.00000000e+00+0.j 2.50000000e-01+0.j]]"
20,0.202020202,0.674624222,0.668419685,0.502825779,0.502825779,,"[[2.50000000e-01+0.j 0.00000000e+00+0.j 0.00000000e+00+0.j ...
  0.00000000e+00+0.j 0.00000000e+00+0.j 7.98502628e-06+0.j]
 [0.00000000e+00+0.j 0.00000000e+00+0.j 0.00000000e+00+0.j ...
  0.00000000e+00+0.j 0.00000000e+00+0.j 0.00000000e+00+0.j]
 [0.00000000e+00+0.j 0.00000000e+00+0.j 0.00000000e+00+0.j ...
  0.00000000e+00+0.j 0.00000000e+00+0.j 0.00000000e+00+0.j]
 ...
 [0.00000000e+00+0.j 0.00000000e+00+0.j 0.00000000e+00+0.j ...
  0.00000000e+00+0.j 0.00000000e+00+0.j 0.00000000e+00+0.j]
 [0.00000000e+00+0.j 0.00000000e+00+0.j 0.00000000e+00+0.j ...
  0.00000000e+00+0.j 0.00000000e+00+0.j 0.00000000e+00+0.j]
 [7.98502628e-06+0.j 0.00000000e+00+0.j 0.00000000e+00+0.j ...
  0.00000000e+00+0.j 0.00000000e+00+0.j 2.50000000e-01+0.j]]"
21,0.212121212,0.674084803,0.66786998,0.502001551,0.502001551,,"[[2.50000000e-01+0.j 0.00000000e+00+0.j 0.00000000e+00+0.j ...
  0.00000000e+00+0.j 0.00000000e+00+0.j 4.00620557e-06+0.j]
 [0.00000000e+00+0.j 0.00000000e+00+0.j 0.00000000e+00+0.j ...
  0.00000000e+00+0.j 0.00000000e+00+0.j 0.00000000e+00+0.j]
 [0.00000000e+00+0.j 0.00000000e+00+0.j 0.00000000e+00+0.j ...
  0.00000000e+00+0.j 0.00000000e+00+0.j 0.00000000e+00+0.j]
 ...
 [0.00000000e+00+0.j 0.00000000e+00+0.j 0.00000000e+00+0.j ...
  0.00000000e+00+0.j 0.00000000e+00+0.j 0.00000000e+00+0.j]
 [0.00000000e+00+0.j 0.00000000e+00+0.j 0.00000000e+00+0.j ...
  0.00000000e+00+0.j 0.00000000e+00+0.j 0.00000000e+00+0.j]
 [4.00620557e-06+0.j 0.00000000e+00+0.j 0.00000000e+00+0.j ...
  0.00000000e+00+0.j 0.00000000e+00+0.j 2.50000000e-01+0.j]]"
22,0.222222222,0.673691362,0.667469037,0.501400377,0.501400377,,"[[2.5000000e-01+0.j 0.0000000e+00+0.j 0.0000000e+00+0.j ...
  0.0000000e+00+0.j 0.0000000e+00+0.j 1.9610556e-06+0.j]
 [0.0000000e+00+0.j 0.0000000e+00+0.j 0.0000000e+00+0.j ...
  0.0000000e+00+0.j 0.0000000e+00+0.j 0.0000000e+00+0.j]
 [0.0000000e+00+0.j 0.0000000e+00+0.j 0.0000000e+00+0.j ...
  0.0000000e+00+0.j 0.0000000e+00+0.j 0.0000000e+00+0.j]
 ...
 [0.0000000e+00+0.j 0.0000000e+00+0.j 0.0000000e+00+0.j ...
  0.0000000e+00+0.j 0.0000000e+00+0.j 0.0000000e+00+0.j]
 [0.0000000e+00+0.j 0.0000000e+00+0.j 0.0000000e+00+0.j ...
  0.0000000e+00+0.j 0.0000000e+00+0.j 0.0000000e+00+0.j]
 [1.9610556e-06+0.j 0.0000000e+00+0.j 0.0000000e+00+0.j ...
  0.0000000e+00+0.j 0.0000000e+00+0.j 2.5000000e-01+0.j]]"
23,0.232323232,0.673407665,0.667179929,0.500966889,0.500966889,,"[[2.50000000e-01+0.j 0.00000000e+00+0.j 0.00000000e+00+0.j ...
  0.00000000e+00+0.j 0.00000000e+00+0.j 9.34874919e-07+0.j]
 [0.00000000e+00+0.j 0.00000000e+00+0.j 0.00000000e+00+0.j ...
  0.00000000e+00+0.j 0.00000000e+00+0.j 0.00000000e+00+0.j]
 [0.00000000e+00+0.j 0.00000000e+00+0.j 0.00000000e+00+0.j ...
  0.00000000e+00+0.j 0.00000000e+00+0.j 0.00000000e+00+0.j]
 ...
 [0.00000000e+00+0.j 0.00000000e+00+0.j 0.00000000e+00+0.j ...
  0.00000000e+00+0.j 0.00000000e+00+0.j 0.00000000e+00+0.j]
 [0.00000000e+00+0.j 0.00000000e+00+0.j 0.00000000e+00+0.j ...
  0.00000000e+00+0.j 0.00000000e+00+0.j 0.00000000e+00+0.j]
 [9.34874919e-07+0.j 0.00000000e+00+0.j 0.00000000e+00+0.j ...
  0.00000000e+00+0.j 0.00000000e+00+0.j 2.50000000e-01+0.j]]"
24,0.242424242,0.673205604,0.666974016,0.500658142,0.500658142,,"[[2.50000000e-01+0.j 0.00000000e+00+0.j 0.00000000e+00+0.j ...
  0.00000000e+00+0.j 0.00000000e+00+0.j 4.33151316e-07+0.j]
 [0.00000000e+00+0.j 0.00000000e+00+0.j 0.00000000e+00+0.j ...
  0.00000000e+00+0.j 0.00000000e+00+0.j 0.00000000e+00+0.j]
 [0.00000000e+00+0.j 0.00000000e+00+0.j 0.00000000e+00+0.j ...
  0.00000000e+00+0.j 0.00000000e+00+0.j 0.00000000e+00+0.j]
 ...
 [0.00000000e+00+0.j 0.00000000e+00+0.j 0.00000000e+00+0.j ...
  0.00000000e+00+0.j 0.00000000e+00+0.j 0.00000000e+00+0.j]
 [0.00000000e+00+0.j 0.00000000e+00+0.j 0.00000000e+00+0.j ...
  0.00000000e+00+0.j 0.00000000e+00+0.j 0.00000000e+00+0.j]
 [4.33151316e-07+0.j 0.00000000e+00+0.j 0.00000000e+00+0.j ...
  0.00000000e+00+0.j 0.00000000e+00+0.j 2.50000000e-01+0.j]]"
25,0.252525253,0.673063588,0.666829291,0.500441151,0.500441142,,"[[2.50000000e-01+0.j 0.00000000e+00+0.j 0.00000000e+00+0.j ...
  0.00000000e+00+0.j 0.00000000e+00+0.j 1.94606668e-07+0.j]
 [0.00000000e+00+0.j 0.00000000e+00+0.j 0.00000000e+00+0.j ...
  0.00000000e+00+0.j 0.00000000e+00+0.j 0.00000000e+00+0.j]
 [0.00000000e+00+0.j 0.00000000e+00+0.j 0.00000000e+00+0.j ...
  0.00000000e+00+0.j 0.00000000e+00+0.j 0.00000000e+00+0.j]
 ...
 [0.00000000e+00+0.j 0.00000000e+00+0.j 0.00000000e+00+0.j ...
  0.00000000e+00+0.j 0.00000000e+00+0.j 0.00000000e+00+0.j]
 [0.00000000e+00+0.j 0.00000000e+00+0.j 0.00000000e+00+0.j ...
  0.00000000e+00+0.j 0.00000000e+00+0.j 0.00000000e+00+0.j]
 [1.94606668e-07+0.j 0.00000000e+00+0.j 0.00000000e+00+0.j ...
  0.00000000e+00+0.j 0.00000000e+00+0.j 2.50000000e-01+0.j]]"
26,0.262626263,0.672965196,0.666729024,0.500290801,0.500290801,,"[[2.50000000e-01+0.j 0.00000000e+00+0.j 0.00000000e+00+0.j ...
  0.00000000e+00+0.j 0.00000000e+00+0.j 8.45655106e-08+0.j]
 [0.00000000e+00+0.j 0.00000000e+00+0.j 0.00000000e+00+0.j ...
  0.00000000e+00+0.j 0.00000000e+00+0.j 0.00000000e+00+0.j]
 [0.00000000e+00+0.j 0.00000000e+00+0.j 0.00000000e+00+0.j ...
  0.00000000e+00+0.j 0.00000000e+00+0.j 0.00000000e+00+0.j]
 ...
 [0.00000000e+00+0.j 0.00000000e+00+0.j 0.00000000e+00+0.j ...
  0.00000000e+00+0.j 0.00000000e+00+0.j 0.00000000e+00+0.j]
 [0.00000000e+00+0.j 0.00000000e+00+0.j 0.00000000e+00+0.j ...
  0.00000000e+00+0.j 0.00000000e+00+0.j 0.00000000e+00+0.j]
 [8.45655106e-08+0.j 0.00000000e+00+0.j 0.00000000e+00+0.j ...
  0.00000000e+00+0.j 0.00000000e+00+0.j 2.50000000e-01+0.j]]"
27,0.272727273,0.672898083,0.666660631,0.500188254,0.500188254,,"[[2.50000000e-01+0.j 0.00000000e+00+0.j 0.00000000e+00+0.j ...
  0.00000000e+00+0.j 0.00000000e+00+0.j 3.54394026e-08+0.j]
 [0.00000000e+00+0.j 0.00000000e+00+0.j 0.00000000e+00+0.j ...
  0.00000000e+00+0.j 0.00000000e+00+0.j 0.00000000e+00+0.j]
 [0.00000000e+00+0.j 0.00000000e+00+0.j 0.00000000e+00+0.j ...
  0.00000000e+00+0.j 0.00000000e+00+0.j 0.00000000e+00+0.j]
 ...
 [0.00000000e+00+0.j 0.00000000e+00+0.j 0.00000000e+00+0.j ...
  0.00000000e+00+0.j 0.00000000e+00+0.j 0.00000000e+00+0.j]
 [0.00000000e+00+0.j 0.00000000e+00+0.j 0.00000000e+00+0.j ...
  0.00000000e+00+0.j 0.00000000e+00+0.j 0.00000000e+00+0.j]
 [3.54394026e-08+0.j 0.00000000e+00+0.j 0.00000000e+00+0.j ...
  0.00000000e+00+0.j 0.00000000e+00+0.j 2.50000000e-01+0.j]]"
28,0.282828283,0.672853076,0.666614765,0.500119491,0.500119482,,"[[2.50000000e-01+0.j 0.00000000e+00+0.j 0.00000000e+00+0.j ...
  0.00000000e+00+0.j 0.00000000e+00+0.j 1.42759569e-08+0.j]
 [0.00000000e+00+0.j 0.00000000e+00+0.j 0.00000000e+00+0.j ...
  0.00000000e+00+0.j 0.00000000e+00+0.j 0.00000000e+00+0.j]
 [0.00000000e+00+0.j 0.00000000e+00+0.j 0.00000000e+00+0.j ...
  0.00000000e+00+0.j 0.00000000e+00+0.j 0.00000000e+00+0.j]
 ...
 [0.00000000e+00+0.j 0.00000000e+00+0.j 0.00000000e+00+0.j ...
  0.00000000e+00+0.j 0.00000000e+00+0.j 0.00000000e+00+0.j]
 [0.00000000e+00+0.j 0.00000000e+00+0.j 0.00000000e+00+0.j ...
  0.00000000e+00+0.j 0.00000000e+00+0.j 0.00000000e+00+0.j]
 [1.42759569e-08+0.j 0.00000000e+00+0.j 0.00000000e+00+0.j ...
  0.00000000e+00+0.j 0.00000000e+00+0.j 2.50000000e-01+0.j]]"
29,0.292929293,0.672823447,0.666584571,0.500074222,0.500074209,,"[[2.50000000e-01+0.j 0.00000000e+00+0.j 0.00000000e+00+0.j ...
  0.00000000e+00+0.j 0.00000000e+00+0.j 5.50697685e-09+0.j]
 [0.00000000e+00+0.j 0.00000000e+00+0.j 0.00000000e+00+0.j ...
  0.00000000e+00+0.j 0.00000000e+00+0.j 0.00000000e+00+0.j]
 [0.00000000e+00+0.j 0.00000000e+00+0.j 0.00000000e+00+0.j ...
  0.00000000e+00+0.j 0.00000000e+00+0.j 0.00000000e+00+0.j]
 ...
 [0.00000000e+00+0.j 0.00000000e+00+0.j 0.00000000e+00+0.j ...
  0.00000000e+00+0.j 0.00000000e+00+0.j 0.00000000e+00+0.j]
 [0.00000000e+00+0.j 0.00000000e+00+0.j 0.00000000e+00+0.j ...
  0.00000000e+00+0.j 0.00000000e+00+0.j 0.00000000e+00+0.j]
 [5.50697685e-09+0.j 0.00000000e+00+0.j 0.00000000e+00+0.j ...
  0.00000000e+00+0.j 0.00000000e+00+0.j 2.50000000e-01+0.j]]"
30,0.303030303,0.672804334,0.666565094,0.500045005,0.500045005,,"[[2.50000000e-01+0.j 0.00000000e+00+0.j 0.00000000e+00+0.j ...
  0.00000000e+00+0.j 0.00000000e+00+0.j 2.02548139e-09+0.j]
 [0.00000000e+00+0.j 0.00000000e+00+0.j 0.00000000e+00+0.j ...
  0.00000000e+00+0.j 0.00000000e+00+0.j 0.00000000e+00+0.j]
 [0.00000000e+00+0.j 0.00000000e+00+0.j 0.00000000e+00+0.j ...
  0.00000000e+00+0.j 0.00000000e+00+0.j 0.00000000e+00+0.j]
 ...
 [0.00000000e+00+0.j 0.00000000e+00+0.j 0.00000000e+00+0.j ...
  0.00000000e+00+0.j 0.00000000e+00+0.j 0.00000000e+00+0.j]
 [0.00000000e+00+0.j 0.00000000e+00+0.j 0.00000000e+00+0.j ...
  0.00000000e+00+0.j 0.00000000e+00+0.j 0.00000000e+00+0.j]
 [2.02548139e-09+0.j 0.00000000e+00+0.j 0.00000000e+00+0.j ...
  0.00000000e+00+0.j 0.00000000e+00+0.j 2.50000000e-01+0.j]]"
31,0.313131313,0.672792279,0.666552809,0.500026585,0.500026585,,"[[2.5000000e-01+0.j 0.0000000e+00+0.j 0.0000000e+00+0.j ...
  0.0000000e+00+0.j 0.0000000e+00+0.j 7.0675778e-10+0.j]
 [0.0000000e+00+0.j 0.0000000e+00+0.j 0.0000000e+00+0.j ...
  0.0000000e+00+0.j 0.0000000e+00+0.j 0.0000000e+00+0.j]
 [0.0000000e+00+0.j 0.0000000e+00+0.j 0.0000000e+00+0.j ...
  0.0000000e+00+0.j 0.0000000e+00+0.j 0.0000000e+00+0.j]
 ...
 [0.0000000e+00+0.j 0.0000000e+00+0.j 0.0000000e+00+0.j ...
  0.0000000e+00+0.j 0.0000000e+00+0.j 0.0000000e+00+0.j]
 [0.0000000e+00+0.j 0.0000000e+00+0.j 0.0000000e+00+0.j ...
  0.0000000e+00+0.j 0.0000000e+00+0.j 0.0000000e+00+0.j]
 [7.0675778e-10+0.j 0.0000000e+00+0.j 0.0000000e+00+0.j ...
  0.0000000e+00+0.j 0.0000000e+00+0.j 2.5000000e-01+0.j]]"
32,0.323232323,0.672784861,0.66654525,0.500015251,0.500015251,,"[[2.50000000e-01+0.j 0.00000000e+00+0.j 0.00000000e+00+0.j ...
  0.00000000e+00+0.j 0.00000000e+00+0.j 2.32593195e-10+0.j]
 [0.00000000e+00+0.j 0.00000000e+00+0.j 0.00000000e+00+0.j ...
  0.00000000e+00+0.j 0.00000000e+00+0.j 0.00000000e+00+0.j]
 [0.00000000e+00+0.j 0.00000000e+00+0.j 0.00000000e+00+0.j ...
  0.00000000e+00+0.j 0.00000000e+00+0.j 0.00000000e+00+0.j]
 ...
 [0.00000000e+00+0.j 0.00000000e+00+0.j 0.00000000e+00+0.j ...
  0.00000000e+00+0.j 0.00000000e+00+0.j 0.00000000e+00+0.j]
 [0.00000000e+00+0.j 0.00000000e+00+0.j 0.00000000e+00+0.j ...
  0.00000000e+00+0.j 0.00000000e+00+0.j 0.00000000e+00+0.j]
 [2.32593195e-10+0.j 0.00000000e+00+0.j 0.00000000e+00+0.j ...
  0.00000000e+00+0.j 0.00000000e+00+0.j 2.50000000e-01+0.j]]"
33,0.333333333,0.672780422,0.666540726,0.500008476,0.500008476,,"[[2.50000000e-01+0.j 0.00000000e+00+0.j 0.00000000e+00+0.j ...
  0.00000000e+00+0.j 0.00000000e+00+0.j 7.16992998e-11+0.j]
 [0.00000000e+00+0.j 0.00000000e+00+0.j 0.00000000e+00+0.j ...
  0.00000000e+00+0.j 0.00000000e+00+0.j 0.00000000e+00+0.j]
 [0.00000000e+00+0.j 0.00000000e+00+0.j 0.00000000e+00+0.j ...
  0.00000000e+00+0.j 0.00000000e+00+0.j 0.00000000e+00+0.j]
 ...
 [0.00000000e+00+0.j 0.00000000e+00+0.j 0.00000000e+00+0.j ...
  0.00000000e+00+0.j 0.00000000e+00+0.j 0.00000000e+00+0.j]
 [0.00000000e+00+0.j 0.00000000e+00+0.j 0.00000000e+00+0.j ...
  0.00000000e+00+0.j 0.00000000e+00+0.j 0.00000000e+00+0.j]
 [7.16992998e-11+0.j 0.00000000e+00+0.j 0.00000000e+00+0.j ...
  0.00000000e+00+0.j 0.00000000e+00+0.j 2.50000000e-01+0.j]]"
34,0.343434343,0.672777846,0.666538101,0.500004531,0.50000454,,"[[2.50000000e-01+0.j 0.00000000e+00+0.j 0.00000000e+00+0.j ...
  0.00000000e+00+0.j 0.00000000e+00+0.j 2.05338315e-11+0.j]
 [0.00000000e+00+0.j 0.00000000e+00+0.j 0.00000000e+00+0.j ...
  0.00000000e+00+0.j 0.00000000e+00+0.j 0.00000000e+00+0.j]
 [0.00000000e+00+0.j 0.00000000e+00+0.j 0.00000000e+00+0.j ...
  0.00000000e+00+0.j 0.00000000e+00+0.j 0.00000000e+00+0.j]
 ...
 [0.00000000e+00+0.j 0.00000000e+00+0.j 0.00000000e+00+0.j ...
  0.00000000e+00+0.j 0.00000000e+00+0.j 0.00000000e+00+0.j]
 [0.00000000e+00+0.j 0.00000000e+00+0.j 0.00000000e+00+0.j ...
  0.00000000e+00+0.j 0.00000000e+00+0.j 0.00000000e+00+0.j]
 [2.05338315e-11+0.j 0.00000000e+00+0.j 0.00000000e+00+0.j ...
  0.00000000e+00+0.j 0.00000000e+00+0.j 2.50000000e-01+0.j]]"
35,0.353535354,0.672776402,0.66653663,0.500002326,0.500002326,,"[[2.50000000e-01+0.j 0.00000000e+00+0.j 0.00000000e+00+0.j ...
  0.00000000e+00+0.j 0.00000000e+00+0.j 5.40998517e-12+0.j]
 [0.00000000e+00+0.j 0.00000000e+00+0.j 0.00000000e+00+0.j ...
  0.00000000e+00+0.j 0.00000000e+00+0.j 0.00000000e+00+0.j]
 [0.00000000e+00+0.j 0.00000000e+00+0.j 0.00000000e+00+0.j ...
  0.00000000e+00+0.j 0.00000000e+00+0.j 0.00000000e+00+0.j]
 ...
 [0.00000000e+00+0.j 0.00000000e+00+0.j 0.00000000e+00+0.j ...
  0.00000000e+00+0.j 0.00000000e+00+0.j 0.00000000e+00+0.j]
 [0.00000000e+00+0.j 0.00000000e+00+0.j 0.00000000e+00+0.j ...
  0.00000000e+00+0.j 0.00000000e+00+0.j 0.00000000e+00+0.j]
 [5.40998517e-12+0.j 0.00000000e+00+0.j 0.00000000e+00+0.j ...
  0.00000000e+00+0.j 0.00000000e+00+0.j 2.50000000e-01+0.j]]"
36,0.363636364,0.672775625,0.666535838,0.500001147,0.500001138,,"[[2.50000000e-01+0.j 0.00000000e+00+0.j 0.00000000e+00+0.j ...
  0.00000000e+00+0.j 0.00000000e+00+0.j 1.29572071e-12+0.j]
 [0.00000000e+00+0.j 0.00000000e+00+0.j 0.00000000e+00+0.j ...
  0.00000000e+00+0.j 0.00000000e+00+0.j 0.00000000e+00+0.j]
 [0.00000000e+00+0.j 0.00000000e+00+0.j 0.00000000e+00+0.j ...
  0.00000000e+00+0.j 0.00000000e+00+0.j 0.00000000e+00+0.j]
 ...
 [0.00000000e+00+0.j 0.00000000e+00+0.j 0.00000000e+00+0.j ...
  0.00000000e+00+0.j 0.00000000e+00+0.j 0.00000000e+00+0.j]
 [0.00000000e+00+0.j 0.00000000e+00+0.j 0.00000000e+00+0.j ...
  0.00000000e+00+0.j 0.00000000e+00+0.j 0.00000000e+00+0.j]
 [1.29572071e-12+0.j 0.00000000e+00+0.j 0.00000000e+00+0.j ...
  0.00000000e+00+0.j 0.00000000e+00+0.j 2.50000000e-01+0.j]]"
37,0.373737374,0.672775225,0.66653543,0.500000527,0.500000536,,"[[2.50000000e-01+0.j 0.00000000e+00+0.j 0.00000000e+00+0.j ...
  0.00000000e+00+0.j 0.00000000e+00+0.j 2.77994555e-13+0.j]
 [0.00000000e+00+0.j 0.00000000e+00+0.j 0.00000000e+00+0.j ...
  0.00000000e+00+0.j 0.00000000e+00+0.j 0.00000000e+00+0.j]
 [0.00000000e+00+0.j 0.00000000e+00+0.j 0.00000000e+00+0.j ...
  0.00000000e+00+0.j 0.00000000e+00+0.j 0.00000000e+00+0.j]
 ...
 [0.00000000e+00+0.j 0.00000000e+00+0.j 0.00000000e+00+0.j ...
  0.00000000e+00+0.j 0.00000000e+00+0.j 0.00000000e+00+0.j]
 [0.00000000e+00+0.j 0.00000000e+00+0.j 0.00000000e+00+0.j ...
  0.00000000e+00+0.j 0.00000000e+00+0.j 0.00000000e+00+0.j]
 [2.77994555e-13+0.j 0.00000000e+00+0.j 0.00000000e+00+0.j ...
  0.00000000e+00+0.j 0.00000000e+00+0.j 2.50000000e-01+0.j]]"
38,0.383838384,0.67277503,0.666535231,0.500000229,0.500000229,,"[[2.50000000e-01+0.j 0.00000000e+00+0.j 0.00000000e+00+0.j ...
  0.00000000e+00+0.j 0.00000000e+00+0.j 5.24557181e-14+0.j]
 [0.00000000e+00+0.j 0.00000000e+00+0.j 0.00000000e+00+0.j ...
  0.00000000e+00+0.j 0.00000000e+00+0.j 0.00000000e+00+0.j]
 [0.00000000e+00+0.j 0.00000000e+00+0.j 0.00000000e+00+0.j ...
  0.00000000e+00+0.j 0.00000000e+00+0.j 0.00000000e+00+0.j]
 ...
 [0.00000000e+00+0.j 0.00000000e+00+0.j 0.00000000e+00+0.j ...
  0.00000000e+00+0.j 0.00000000e+00+0.j 0.00000000e+00+0.j]
 [0.00000000e+00+0.j 0.00000000e+00+0.j 0.00000000e+00+0.j ...
  0.00000000e+00+0.j 0.00000000e+00+0.j 0.00000000e+00+0.j]
 [5.24557181e-14+0.j 0.00000000e+00+0.j 0.00000000e+00+0.j ...
  0.00000000e+00+0.j 0.00000000e+00+0.j 2.50000000e-01+0.j]]"
39,0.393939394,0.672774941,0.66653514,0.500000101,0.500000101,,"[[2.50000000e-01+0.j 0.00000000e+00+0.j 0.00000000e+00+0.j ...
  0.00000000e+00+0.j 0.00000000e+00+0.j 8.50397572e-15+0.j]
 [0.00000000e+00+0.j 0.00000000e+00+0.j 0.00000000e+00+0.j ...
  0.00000000e+00+0.j 0.00000000e+00+0.j 0.00000000e+00+0.j]
 [0.00000000e+00+0.j 0.00000000e+00+0.j 0.00000000e+00+0.j ...
  0.00000000e+00+0.j 0.00000000e+00+0.j 0.00000000e+00+0.j]
 ...
 [0.00000000e+00+0.j 0.00000000e+00+0.j 0.00000000e+00+0.j ...
  0.00000000e+00+0.j 0.00000000e+00+0.j 0.00000000e+00+0.j]
 [0.00000000e+00+0.j 0.00000000e+00+0.j 0.00000000e+00+0.j ...
  0.00000000e+00+0.j 0.00000000e+00+0.j 0.00000000e+00+0.j]
 [8.50397572e-15+0.j 0.00000000e+00+0.j 0.00000000e+00+0.j ...
  0.00000000e+00+0.j 0.00000000e+00+0.j 2.50000000e-01+0.j]]"
40,0.404040404,0.672774902,0.666535101,0.500000043,0.500000034,,"[[2.50000000e-01+0.j 0.00000000e+00+0.j 0.00000000e+00+0.j ...
  0.00000000e+00+0.j 0.00000000e+00+0.j 1.14896854e-15+0.j]
 [0.00000000e+00+0.j 0.00000000e+00+0.j 0.00000000e+00+0.j ...
  0.00000000e+00+0.j 0.00000000e+00+0.j 0.00000000e+00+0.j]
 [0.00000000e+00+0.j 0.00000000e+00+0.j 0.00000000e+00+0.j ...
  0.00000000e+00+0.j 0.00000000e+00+0.j 0.00000000e+00+0.j]
 ...
 [0.00000000e+00+0.j 0.00000000e+00+0.j 0.00000000e+00+0.j ...
  0.00000000e+00+0.j 0.00000000e+00+0.j 0.00000000e+00+0.j]
 [0.00000000e+00+0.j 0.00000000e+00+0.j 0.00000000e+00+0.j ...
  0.00000000e+00+0.j 0.00000000e+00+0.j 0.00000000e+00+0.j]
 [1.14896854e-15+0.j 0.00000000e+00+0.j 0.00000000e+00+0.j ...
  0.00000000e+00+0.j 0.00000000e+00+0.j 2.50000000e-01+0.j]]"
41,0.414141414,0.672774888,0.666535086,0.500000011,0.500000011,,"[[2.50000000e-01+0.j 0.00000000e+00+0.j 0.00000000e+00+0.j ...
  0.00000000e+00+0.j 0.00000000e+00+0.j 1.24226584e-16+0.j]
 [0.00000000e+00+0.j 0.00000000e+00+0.j 0.00000000e+00+0.j ...
  0.00000000e+00+0.j 0.00000000e+00+0.j 0.00000000e+00+0.j]
 [0.00000000e+00+0.j 0.00000000e+00+0.j 0.00000000e+00+0.j ...
  0.00000000e+00+0.j 0.00000000e+00+0.j 0.00000000e+00+0.j]
 ...
 [0.00000000e+00+0.j 0.00000000e+00+0.j 0.00000000e+00+0.j ...
  0.00000000e+00+0.j 0.00000000e+00+0.j 0.00000000e+00+0.j]
 [0.00000000e+00+0.j 0.00000000e+00+0.j 0.00000000e+00+0.j ...
  0.00000000e+00+0.j 0.00000000e+00+0.j 0.00000000e+00+0.j]
 [1.24226584e-16+0.j 0.00000000e+00+0.j 0.00000000e+00+0.j ...
  0.00000000e+00+0.j 0.00000000e+00+0.j 2.50000000e-01+0.j]]"
42,0.424242424,0.672774882,0.666535081,0.500000003,0.500000003,,"[[2.50000000e-01+0.j 0.00000000e+00+0.j 0.00000000e+00+0.j ...
  0.00000000e+00+0.j 0.00000000e+00+0.j 1.01639214e-17+0.j]
 [0.00000000e+00+0.j 0.00000000e+00+0.j 0.00000000e+00+0.j ...
  0.00000000e+00+0.j 0.00000000e+00+0.j 0.00000000e+00+0.j]
 [0.00000000e+00+0.j 0.00000000e+00+0.j 0.00000000e+00+0.j ...
  0.00000000e+00+0.j 0.00000000e+00+0.j 0.00000000e+00+0.j]
 ...
 [0.00000000e+00+0.j 0.00000000e+00+0.j 0.00000000e+00+0.j ...
  0.00000000e+00+0.j 0.00000000e+00+0.j 0.00000000e+00+0.j]
 [0.00000000e+00+0.j 0.00000000e+00+0.j 0.00000000e+00+0.j ...
  0.00000000e+00+0.j 0.00000000e+00+0.j 0.00000000e+00+0.j]
 [1.01639214e-17+0.j 0.00000000e+00+0.j 0.00000000e+00+0.j ...
  0.00000000e+00+0.j 0.00000000e+00+0.j 2.50000000e-01+0.j]]"
43,0.434343434,0.672774881,0.666535079,0.500000001,0.500000001,,"[[2.50000000e-01+0.j 0.00000000e+00+0.j 0.00000000e+00+0.j ...
  0.00000000e+00+0.j 0.00000000e+00+0.j 5.80902389e-19+0.j]
 [0.00000000e+00+0.j 0.00000000e+00+0.j 0.00000000e+00+0.j ...
  0.00000000e+00+0.j 0.00000000e+00+0.j 0.00000000e+00+0.j]
 [0.00000000e+00+0.j 0.00000000e+00+0.j 0.00000000e+00+0.j ...
  0.00000000e+00+0.j 0.00000000e+00+0.j 0.00000000e+00+0.j]
 ...
 [0.00000000e+00+0.j 0.00000000e+00+0.j 0.00000000e+00+0.j ...
  0.00000000e+00+0.j 0.00000000e+00+0.j 0.00000000e+00+0.j]
 [0.00000000e+00+0.j 0.00000000e+00+0.j 0.00000000e+00+0.j ...
  0.00000000e+00+0.j 0.00000000e+00+0.j 0.00000000e+00+0.j]
 [5.80902389e-19+0.j 0.00000000e+00+0.j 0.00000000e+00+0.j ...
  0.00000000e+00+0.j 0.00000000e+00+0.j 2.50000000e-01+0.j]]"
44,0.444444444,0.67277488,0.666535079,0.5,0.5,,"[[2.50000000e-01+0.j 0.00000000e+00+0.j 0.00000000e+00+0.j ...
  0.00000000e+00+0.j 0.00000000e+00+0.j 2.05631583e-20+0.j]
 [0.00000000e+00+0.j 0.00000000e+00+0.j 0.00000000e+00+0.j ...
  0.00000000e+00+0.j 0.00000000e+00+0.j 0.00000000e+00+0.j]
 [0.00000000e+00+0.j 0.00000000e+00+0.j 0.00000000e+00+0.j ...
  0.00000000e+00+0.j 0.00000000e+00+0.j 0.00000000e+00+0.j]
 ...
 [0.00000000e+00+0.j 0.00000000e+00+0.j 0.00000000e+00+0.j ...
  0.00000000e+00+0.j 0.00000000e+00+0.j 0.00000000e+00+0.j]
 [0.00000000e+00+0.j 0.00000000e+00+0.j 0.00000000e+00+0.j ...
  0.00000000e+00+0.j 0.00000000e+00+0.j 0.00000000e+00+0.j]
 [2.05631583e-20+0.j 0.00000000e+00+0.j 0.00000000e+00+0.j ...
  0.00000000e+00+0.j 0.00000000e+00+0.j 2.50000000e-01+0.j]]"
45,0.454545455,0.67277488,0.666535079,0.5,0.500000009,,"[[2.5000000e-01+0.j 0.0000000e+00+0.j 0.0000000e+00+0.j ...
  0.0000000e+00+0.j 0.0000000e+00+0.j 3.7160907e-22+0.j]
 [0.0000000e+00+0.j 0.0000000e+00+0.j 0.0000000e+00+0.j ...
  0.0000000e+00+0.j 0.0000000e+00+0.j 0.0000000e+00+0.j]
 [0.0000000e+00+0.j 0.0000000e+00+0.j 0.0000000e+00+0.j ...
  0.0000000e+00+0.j 0.0000000e+00+0.j 0.0000000e+00+0.j]
 ...
 [0.0000000e+00+0.j 0.0000000e+00+0.j 0.0000000e+00+0.j ...
  0.0000000e+00+0.j 0.0000000e+00+0.j 0.0000000e+00+0.j]
 [0.0000000e+00+0.j 0.0000000e+00+0.j 0.0000000e+00+0.j ...
  0.0000000e+00+0.j 0.0000000e+00+0.j 0.0000000e+00+0.j]
 [3.7160907e-22+0.j 0.0000000e+00+0.j 0.0000000e+00+0.j ...
  0.0000000e+00+0.j 0.0000000e+00+0.j 2.5000000e-01+0.j]]"
46,0.464646465,0.67277488,0.666535079,0.5,0.5,,"[[2.50000000e-01+0.j 0.00000000e+00+0.j 0.00000000e+00+0.j ...
  0.00000000e+00+0.j 0.00000000e+00+0.j 2.43891642e-24+0.j]
 [0.00000000e+00+0.j 0.00000000e+00+0.j 0.00000000e+00+0.j ...
  0.00000000e+00+0.j 0.00000000e+00+0.j 0.00000000e+00+0.j]
 [0.00000000e+00+0.j 0.00000000e+00+0.j 0.00000000e+00+0.j ...
  0.00000000e+00+0.j 0.00000000e+00+0.j 0.00000000e+00+0.j]
 ...
 [0.00000000e+00+0.j 0.00000000e+00+0.j 0.00000000e+00+0.j ...
  0.00000000e+00+0.j 0.00000000e+00+0.j 0.00000000e+00+0.j]
 [0.00000000e+00+0.j 0.00000000e+00+0.j 0.00000000e+00+0.j ...
  0.00000000e+00+0.j 0.00000000e+00+0.j 0.00000000e+00+0.j]
 [2.43891642e-24+0.j 0.00000000e+00+0.j 0.00000000e+00+0.j ...
  0.00000000e+00+0.j 0.00000000e+00+0.j 2.50000000e-01+0.j]]"
47,0.474747475,0.67277488,0.666535079,0.5,0.5,,"[[2.50000000e-01+0.j 0.00000000e+00+0.j 0.00000000e+00+0.j ...
  0.00000000e+00+0.j 0.00000000e+00+0.j 2.91498419e-27+0.j]
 [0.00000000e+00+0.j 0.00000000e+00+0.j 0.00000000e+00+0.j ...
  0.00000000e+00+0.j 0.00000000e+00+0.j 0.00000000e+00+0.j]
 [0.00000000e+00+0.j 0.00000000e+00+0.j 0.00000000e+00+0.j ...
  0.00000000e+00+0.j 0.00000000e+00+0.j 0.00000000e+00+0.j]
 ...
 [0.00000000e+00+0.j 0.00000000e+00+0.j 0.00000000e+00+0.j ...
  0.00000000e+00+0.j 0.00000000e+00+0.j 0.00000000e+00+0.j]
 [0.00000000e+00+0.j 0.00000000e+00+0.j 0.00000000e+00+0.j ...
  0.00000000e+00+0.j 0.00000000e+00+0.j 0.00000000e+00+0.j]
 [2.91498419e-27+0.j 0.00000000e+00+0.j 0.00000000e+00+0.j ...
  0.00000000e+00+0.j 0.00000000e+00+0.j 2.50000000e-01+0.j]]"
48,0.484848485,0.67277488,0.666535079,0.5,0.500000009,,"[[2.5000000e-01+0.j 0.0000000e+00+0.j 0.0000000e+00+0.j ...
  0.0000000e+00+0.j 0.0000000e+00+0.j 1.0657644e-31+0.j]
 [0.0000000e+00+0.j 0.0000000e+00+0.j 0.0000000e+00+0.j ...
  0.0000000e+00+0.j 0.0000000e+00+0.j 0.0000000e+00+0.j]
 [0.0000000e+00+0.j 0.0000000e+00+0.j 0.0000000e+00+0.j ...
  0.0000000e+00+0.j 0.0000000e+00+0.j 0.0000000e+00+0.j]
 ...
 [0.0000000e+00+0.j 0.0000000e+00+0.j 0.0000000e+00+0.j ...
  0.0000000e+00+0.j 0.0000000e+00+0.j 0.0000000e+00+0.j]
 [0.0000000e+00+0.j 0.0000000e+00+0.j 0.0000000e+00+0.j ...
  0.0000000e+00+0.j 0.0000000e+00+0.j 0.0000000e+00+0.j]
 [1.0657644e-31+0.j 0.0000000e+00+0.j 0.0000000e+00+0.j ...
  0.0000000e+00+0.j 0.0000000e+00+0.j 2.5000000e-01+0.j]]"
49,0.494949495,0.67277488,0.666535079,0.5,0.5,,"[[2.50000000e-01+0.j 0.00000000e+00+0.j 0.00000000e+00+0.j ...
  0.00000000e+00+0.j 0.00000000e+00+0.j 3.05658246e-41+0.j]
 [0.00000000e+00+0.j 0.00000000e+00+0.j 0.00000000e+00+0.j ...
  0.00000000e+00+0.j 0.00000000e+00+0.j 0.00000000e+00+0.j]
 [0.00000000e+00+0.j 0.00000000e+00+0.j 0.00000000e+00+0.j ...
  0.00000000e+00+0.j 0.00000000e+00+0.j 0.00000000e+00+0.j]
 ...
 [0.00000000e+00+0.j 0.00000000e+00+0.j 0.00000000e+00+0.j ...
  0.00000000e+00+0.j 0.00000000e+00+0.j 0.00000000e+00+0.j]
 [0.00000000e+00+0.j 0.00000000e+00+0.j 0.00000000e+00+0.j ...
  0.00000000e+00+0.j 0.00000000e+00+0.j 0.00000000e+00+0.j]
 [3.05658246e-41+0.j 0.00000000e+00+0.j 0.00000000e+00+0.j ...
  0.00000000e+00+0.j 0.00000000e+00+0.j 2.50000000e-01+0.j]]"
50,0.505050505,0.67277488,0.666535079,0.5,0.5,,"[[2.50000000e-01+0.j 0.00000000e+00+0.j 0.00000000e+00+0.j ...
  0.00000000e+00+0.j 0.00000000e+00+0.j 3.05658246e-41+0.j]
 [0.00000000e+00+0.j 0.00000000e+00+0.j 0.00000000e+00+0.j ...
  0.00000000e+00+0.j 0.00000000e+00+0.j 0.00000000e+00+0.j]
 [0.00000000e+00+0.j 0.00000000e+00+0.j 0.00000000e+00+0.j ...
  0.00000000e+00+0.j 0.00000000e+00+0.j 0.00000000e+00+0.j]
 ...
 [0.00000000e+00+0.j 0.00000000e+00+0.j 0.00000000e+00+0.j ...
  0.00000000e+00+0.j 0.00000000e+00+0.j 0.00000000e+00+0.j]
 [0.00000000e+00+0.j 0.00000000e+00+0.j 0.00000000e+00+0.j ...
  0.00000000e+00+0.j 0.00000000e+00+0.j 0.00000000e+00+0.j]
 [3.05658246e-41+0.j 0.00000000e+00+0.j 0.00000000e+00+0.j ...
  0.00000000e+00+0.j 0.00000000e+00+0.j 2.50000000e-01+0.j]]"
51,0.515151515,0.67277488,0.666535079,0.500000009,0.5,,"[[2.5000000e-01+0.j 0.0000000e+00+0.j 0.0000000e+00+0.j ...
  0.0000000e+00+0.j 0.0000000e+00+0.j 1.0657644e-31+0.j]
 [0.0000000e+00+0.j 0.0000000e+00+0.j 0.0000000e+00+0.j ...
  0.0000000e+00+0.j 0.0000000e+00+0.j 0.0000000e+00+0.j]
 [0.0000000e+00+0.j 0.0000000e+00+0.j 0.0000000e+00+0.j ...
  0.0000000e+00+0.j 0.0000000e+00+0.j 0.0000000e+00+0.j]
 ...
 [0.0000000e+00+0.j 0.0000000e+00+0.j 0.0000000e+00+0.j ...
  0.0000000e+00+0.j 0.0000000e+00+0.j 0.0000000e+00+0.j]
 [0.0000000e+00+0.j 0.0000000e+00+0.j 0.0000000e+00+0.j ...
  0.0000000e+00+0.j 0.0000000e+00+0.j 0.0000000e+00+0.j]
 [1.0657644e-31+0.j 0.0000000e+00+0.j 0.0000000e+00+0.j ...
  0.0000000e+00+0.j 0.0000000e+00+0.j 2.5000000e-01+0.j]]"
52,0.525252525,0.67277488,0.666535079,0.500000009,0.5,,"[[2.50000000e-01+0.j 0.00000000e+00+0.j 0.00000000e+00+0.j ...
  0.00000000e+00+0.j 0.00000000e+00+0.j 2.91498419e-27+0.j]
 [0.00000000e+00+0.j 0.00000000e+00+0.j 0.00000000e+00+0.j ...
  0.00000000e+00+0.j 0.00000000e+00+0.j 0.00000000e+00+0.j]
 [0.00000000e+00+0.j 0.00000000e+00+0.j 0.00000000e+00+0.j ...
  0.00000000e+00+0.j 0.00000000e+00+0.j 0.00000000e+00+0.j]
 ...
 [0.00000000e+00+0.j 0.00000000e+00+0.j 0.00000000e+00+0.j ...
  0.00000000e+00+0.j 0.00000000e+00+0.j 0.00000000e+00+0.j]
 [0.00000000e+00+0.j 0.00000000e+00+0.j 0.00000000e+00+0.j ...
  0.00000000e+00+0.j 0.00000000e+00+0.j 0.00000000e+00+0.j]
 [2.91498419e-27+0.j 0.00000000e+00+0.j 0.00000000e+00+0.j ...
  0.00000000e+00+0.j 0.00000000e+00+0.j 2.50000000e-01+0.j]]"
53,0.535353535,0.67277488,0.666535079,0.500000009,0.5,,"[[2.50000000e-01+0.j 0.00000000e+00+0.j 0.00000000e+00+0.j ...
  0.00000000e+00+0.j 0.00000000e+00+0.j 2.43891642e-24+0.j]
 [0.00000000e+00+0.j 0.00000000e+00+0.j 0.00000000e+00+0.j ...
  0.00000000e+00+0.j 0.00000000e+00+0.j 0.00000000e+00+0.j]
 [0.00000000e+00+0.j 0.00000000e+00+0.j 0.00000000e+00+0.j ...
  0.00000000e+00+0.j 0.00000000e+00+0.j 0.00000000e+00+0.j]
 ...
 [0.00000000e+00+0.j 0.00000000e+00+0.j 0.00000000e+00+0.j ...
  0.00000000e+00+0.j 0.00000000e+00+0.j 0.00000000e+00+0.j]
 [0.00000000e+00+0.j 0.00000000e+00+0.j 0.00000000e+00+0.j ...
  0.00000000e+00+0.j 0.00000000e+00+0.j 0.00000000e+00+0.j]
 [2.43891642e-24+0.j 0.00000000e+00+0.j 0.00000000e+00+0.j ...
  0.00000000e+00+0.j 0.00000000e+00+0.j 2.50000000e-01+0.j]]"
54,0.545454545,0.67277488,0.666535079,0.5,0.5,,"[[2.5000000e-01+0.j 0.0000000e+00+0.j 0.0000000e+00+0.j ...
  0.0000000e+00+0.j 0.0000000e+00+0.j 3.7160907e-22+0.j]
 [0.0000000e+00+0.j 0.0000000e+00+0.j 0.0000000e+00+0.j ...
  0.0000000e+00+0.j 0.0000000e+00+0.j 0.0000000e+00+0.j]
 [0.0000000e+00+0.j 0.0000000e+00+0.j 0.0000000e+00+0.j ...
  0.0000000e+00+0.j 0.0000000e+00+0.j 0.0000000e+00+0.j]
 ...
 [0.0000000e+00+0.j 0.0000000e+00+0.j 0.0000000e+00+0.j ...
  0.0000000e+00+0.j 0.0000000e+00+0.j 0.0000000e+00+0.j]
 [0.0000000e+00+0.j 0.0000000e+00+0.j 0.0000000e+00+0.j ...
  0.0000000e+00+0.j 0.0000000e+00+0.j 0.0000000e+00+0.j]
 [3.7160907e-22+0.j 0.0000000e+00+0.j 0.0000000e+00+0.j ...
  0.0000000e+00+0.j 0.0000000e+00+0.j 2.5000000e-01+0.j]]"
55,0.555555556,0.67277488,0.666535079,0.5,0.5,,"[[2.50000000e-01+0.j 0.00000000e+00+0.j 0.00000000e+00+0.j ...
  0.00000000e+00+0.j 0.00000000e+00+0.j 2.05631583e-20+0.j]
 [0.00000000e+00+0.j 0.00000000e+00+0.j 0.00000000e+00+0.j ...
  0.00000000e+00+0.j 0.00000000e+00+0.j 0.00000000e+00+0.j]
 [0.00000000e+00+0.j 0.00000000e+00+0.j 0.00000000e+00+0.j ...
  0.00000000e+00+0.j 0.00000000e+00+0.j 0.00000000e+00+0.j]
 ...
 [0.00000000e+00+0.j 0.00000000e+00+0.j 0.00000000e+00+0.j ...
  0.00000000e+00+0.j 0.00000000e+00+0.j 0.00000000e+00+0.j]
 [0.00000000e+00+0.j 0.00000000e+00+0.j 0.00000000e+00+0.j ...
  0.00000000e+00+0.j 0.00000000e+00+0.j 0.00000000e+00+0.j]
 [2.05631583e-20+0.j 0.00000000e+00+0.j 0.00000000e+00+0.j ...
  0.00000000e+00+0.j 0.00000000e+00+0.j 2.50000000e-01+0.j]]"
56,0.565656566,0.672774881,0.666535079,0.500000001,0.500000001,,"[[2.50000000e-01+0.j 0.00000000e+00+0.j 0.00000000e+00+0.j ...
  0.00000000e+00+0.j 0.00000000e+00+0.j 5.80902389e-19+0.j]
 [0.00000000e+00+0.j 0.00000000e+00+0.j 0.00000000e+00+0.j ...
  0.00000000e+00+0.j 0.00000000e+00+0.j 0.00000000e+00+0.j]
 [0.00000000e+00+0.j 0.00000000e+00+0.j 0.00000000e+00+0.j ...
  0.00000000e+00+0.j 0.00000000e+00+0.j 0.00000000e+00+0.j]
 ...
 [0.00000000e+00+0.j 0.00000000e+00+0.j 0.00000000e+00+0.j ...
  0.00000000e+00+0.j 0.00000000e+00+0.j 0.00000000e+00+0.j]
 [0.00000000e+00+0.j 0.00000000e+00+0.j 0.00000000e+00+0.j ...
  0.00000000e+00+0.j 0.00000000e+00+0.j 0.00000000e+00+0.j]
 [5.80902389e-19+0.j 0.00000000e+00+0.j 0.00000000e+00+0.j ...
  0.00000000e+00+0.j 0.00000000e+00+0.j 2.50000000e-01+0.j]]"
57,0.575757576,0.672774882,0.666535081,0.500000003,0.500000003,,"[[2.50000000e-01+0.j 0.00000000e+00+0.j 0.00000000e+00+0.j ...
  0.00000000e+00+0.j 0.00000000e+00+0.j 1.01639214e-17+0.j]
 [0.00000000e+00+0.j 0.00000000e+00+0.j 0.00000000e+00+0.j ...
  0.00000000e+00+0.j 0.00000000e+00+0.j 0.00000000e+00+0.j]
 [0.00000000e+00+0.j 0.00000000e+00+0.j 0.00000000e+00+0.j ...
  0.00000000e+00+0.j 0.00000000e+00+0.j 0.00000000e+00+0.j]
 ...
 [0.00000000e+00+0.j 0.00000000e+00+0.j 0.00000000e+00+0.j ...
  0.00000000e+00+0.j 0.00000000e+00+0.j 0.00000000e+00+0.j]
 [0.00000000e+00+0.j 0.00000000e+00+0.j 0.00000000e+00+0.j ...
  0.00000000e+00+0.j 0.00000000e+00+0.j 0.00000000e+00+0.j]
 [1.01639214e-17+0.j 0.00000000e+00+0.j 0.00000000e+00+0.j ...
  0.00000000e+00+0.j 0.00000000e+00+0.j 2.50000000e-01+0.j]]"
58,0.585858586,0.672774888,0.666535086,0.500000011,0.500000011,,"[[2.50000000e-01+0.j 0.00000000e+00+0.j 0.00000000e+00+0.j ...
  0.00000000e+00+0.j 0.00000000e+00+0.j 1.24226584e-16+0.j]
 [0.00000000e+00+0.j 0.00000000e+00+0.j 0.00000000e+00+0.j ...
  0.00000000e+00+0.j 0.00000000e+00+0.j 0.00000000e+00+0.j]
 [0.00000000e+00+0.j 0.00000000e+00+0.j 0.00000000e+00+0.j ...
  0.00000000e+00+0.j 0.00000000e+00+0.j 0.00000000e+00+0.j]
 ...
 [0.00000000e+00+0.j 0.00000000e+00+0.j 0.00000000e+00+0.j ...
  0.00000000e+00+0.j 0.00000000e+00+0.j 0.00000000e+00+0.j]
 [0.00000000e+00+0.j 0.00000000e+00+0.j 0.00000000e+00+0.j ...
  0.00000000e+00+0.j 0.00000000e+00+0.j 0.00000000e+00+0.j]
 [1.24226584e-16+0.j 0.00000000e+00+0.j 0.00000000e+00+0.j ...
  0.00000000e+00+0.j 0.00000000e+00+0.j 2.50000000e-01+0.j]]"
59,0.595959596,0.672774902,0.666535101,0.500000034,0.500000034,,"[[2.50000000e-01+0.j 0.00000000e+00+0.j 0.00000000e+00+0.j ...
  0.00000000e+00+0.j 0.00000000e+00+0.j 1.14896854e-15+0.j]
 [0.00000000e+00+0.j 0.00000000e+00+0.j 0.00000000e+00+0.j ...
  0.00000000e+00+0.j 0.00000000e+00+0.j 0.00000000e+00+0.j]
 [0.00000000e+00+0.j 0.00000000e+00+0.j 0.00000000e+00+0.j ...
  0.00000000e+00+0.j 0.00000000e+00+0.j 0.00000000e+00+0.j]
 ...
 [0.00000000e+00+0.j 0.00000000e+00+0.j 0.00000000e+00+0.j ...
  0.00000000e+00+0.j 0.00000000e+00+0.j 0.00000000e+00+0.j]
 [0.00000000e+00+0.j 0.00000000e+00+0.j 0.00000000e+00+0.j ...
  0.00000000e+00+0.j 0.00000000e+00+0.j 0.00000000e+00+0.j]
 [1.14896854e-15+0.j 0.00000000e+00+0.j 0.00000000e+00+0.j ...
  0.00000000e+00+0.j 0.00000000e+00+0.j 2.50000000e-01+0.j]]"
60,0.606060606,0.672774941,0.66653514,0.500000092,0.500000092,,"[[2.50000000e-01+0.j 0.00000000e+00+0.j 0.00000000e+00+0.j ...
  0.00000000e+00+0.j 0.00000000e+00+0.j 8.50397572e-15+0.j]
 [0.00000000e+00+0.j 0.00000000e+00+0.j 0.00000000e+00+0.j ...
  0.00000000e+00+0.j 0.00000000e+00+0.j 0.00000000e+00+0.j]
 [0.00000000e+00+0.j 0.00000000e+00+0.j 0.00000000e+00+0.j ...
  0.00000000e+00+0.j 0.00000000e+00+0.j 0.00000000e+00+0.j]
 ...
 [0.00000000e+00+0.j 0.00000000e+00+0.j 0.00000000e+00+0.j ...
  0.00000000e+00+0.j 0.00000000e+00+0.j 0.00000000e+00+0.j]
 [0.00000000e+00+0.j 0.00000000e+00+0.j 0.00000000e+00+0.j ...
  0.00000000e+00+0.j 0.00000000e+00+0.j 0.00000000e+00+0.j]
 [8.50397572e-15+0.j 0.00000000e+00+0.j 0.00000000e+00+0.j ...
  0.00000000e+00+0.j 0.00000000e+00+0.j 2.50000000e-01+0.j]]"
61,0.616161616,0.67277503,0.666535231,0.500000229,0.500000229,,"[[2.50000000e-01+0.j 0.00000000e+00+0.j 0.00000000e+00+0.j ...
  0.00000000e+00+0.j 0.00000000e+00+0.j 5.24557181e-14+0.j]
 [0.00000000e+00+0.j 0.00000000e+00+0.j 0.00000000e+00+0.j ...
  0.00000000e+00+0.j 0.00000000e+00+0.j 0.00000000e+00+0.j]
 [0.00000000e+00+0.j 0.00000000e+00+0.j 0.00000000e+00+0.j ...
  0.00000000e+00+0.j 0.00000000e+00+0.j 0.00000000e+00+0.j]
 ...
 [0.00000000e+00+0.j 0.00000000e+00+0.j 0.00000000e+00+0.j ...
  0.00000000e+00+0.j 0.00000000e+00+0.j 0.00000000e+00+0.j]
 [0.00000000e+00+0.j 0.00000000e+00+0.j 0.00000000e+00+0.j ...
  0.00000000e+00+0.j 0.00000000e+00+0.j 0.00000000e+00+0.j]
 [5.24557181e-14+0.j 0.00000000e+00+0.j 0.00000000e+00+0.j ...
  0.00000000e+00+0.j 0.00000000e+00+0.j 2.50000000e-01+0.j]]"
62,0.626262626,0.672775225,0.66653543,0.500000527,0.500000527,,"[[2.50000000e-01+0.j 0.00000000e+00+0.j 0.00000000e+00+0.j ...
  0.00000000e+00+0.j 0.00000000e+00+0.j 2.77994555e-13+0.j]
 [0.00000000e+00+0.j 0.00000000e+00+0.j 0.00000000e+00+0.j ...
  0.00000000e+00+0.j 0.00000000e+00+0.j 0.00000000e+00+0.j]
 [0.00000000e+00+0.j 0.00000000e+00+0.j 0.00000000e+00+0.j ...
  0.00000000e+00+0.j 0.00000000e+00+0.j 0.00000000e+00+0.j]
 ...
 [0.00000000e+00+0.j 0.00000000e+00+0.j 0.00000000e+00+0.j ...
  0.00000000e+00+0.j 0.00000000e+00+0.j 0.00000000e+00+0.j]
 [0.00000000e+00+0.j 0.00000000e+00+0.j 0.00000000e+00+0.j ...
  0.00000000e+00+0.j 0.00000000e+00+0.j 0.00000000e+00+0.j]
 [2.77994555e-13+0.j 0.00000000e+00+0.j 0.00000000e+00+0.j ...
  0.00000000e+00+0.j 0.00000000e+00+0.j 2.50000000e-01+0.j]]"
63,0.636363636,0.672775625,0.666535838,0.500001147,0.500001147,,"[[2.50000000e-01+0.j 0.00000000e+00+0.j 0.00000000e+00+0.j ...
  0.00000000e+00+0.j 0.00000000e+00+0.j 1.29572071e-12+0.j]
 [0.00000000e+00+0.j 0.00000000e+00+0.j 0.00000000e+00+0.j ...
  0.00000000e+00+0.j 0.00000000e+00+0.j 0.00000000e+00+0.j]
 [0.00000000e+00+0.j 0.00000000e+00+0.j 0.00000000e+00+0.j ...
  0.00000000e+00+0.j 0.00000000e+00+0.j 0.00000000e+00+0.j]
 ...
 [0.00000000e+00+0.j 0.00000000e+00+0.j 0.00000000e+00+0.j ...
  0.00000000e+00+0.j 0.00000000e+00+0.j 0.00000000e+00+0.j]
 [0.00000000e+00+0.j 0.00000000e+00+0.j 0.00000000e+00+0.j ...
  0.00000000e+00+0.j 0.00000000e+00+0.j 0.00000000e+00+0.j]
 [1.29572071e-12+0.j 0.00000000e+00+0.j 0.00000000e+00+0.j ...
  0.00000000e+00+0.j 0.00000000e+00+0.j 2.50000000e-01+0.j]]"
64,0.646464646,0.672776402,0.66653663,0.500002335,0.500002326,,"[[2.50000000e-01+0.j 0.00000000e+00+0.j 0.00000000e+00+0.j ...
  0.00000000e+00+0.j 0.00000000e+00+0.j 5.40998517e-12+0.j]
 [0.00000000e+00+0.j 0.00000000e+00+0.j 0.00000000e+00+0.j ...
  0.00000000e+00+0.j 0.00000000e+00+0.j 0.00000000e+00+0.j]
 [0.00000000e+00+0.j 0.00000000e+00+0.j 0.00000000e+00+0.j ...
  0.00000000e+00+0.j 0.00000000e+00+0.j 0.00000000e+00+0.j]
 ...
 [0.00000000e+00+0.j 0.00000000e+00+0.j 0.00000000e+00+0.j ...
  0.00000000e+00+0.j 0.00000000e+00+0.j 0.00000000e+00+0.j]
 [0.00000000e+00+0.j 0.00000000e+00+0.j 0.00000000e+00+0.j ...
  0.00000000e+00+0.j 0.00000000e+00+0.j 0.00000000e+00+0.j]
 [5.40998517e-12+0.j 0.00000000e+00+0.j 0.00000000e+00+0.j ...
  0.00000000e+00+0.j 0.00000000e+00+0.j 2.50000000e-01+0.j]]"
65,0.656565657,0.672777846,0.666538101,0.500004531,0.500004531,,"[[2.50000000e-01+0.j 0.00000000e+00+0.j 0.00000000e+00+0.j ...
  0.00000000e+00+0.j 0.00000000e+00+0.j 2.05338315e-11+0.j]
 [0.00000000e+00+0.j 0.00000000e+00+0.j 0.00000000e+00+0.j ...
  0.00000000e+00+0.j 0.00000000e+00+0.j 0.00000000e+00+0.j]
 [0.00000000e+00+0.j 0.00000000e+00+0.j 0.00000000e+00+0.j ...
  0.00000000e+00+0.j 0.00000000e+00+0.j 0.00000000e+00+0.j]
 ...
 [0.00000000e+00+0.j 0.00000000e+00+0.j 0.00000000e+00+0.j ...
  0.00000000e+00+0.j 0.00000000e+00+0.j 0.00000000e+00+0.j]
 [0.00000000e+00+0.j 0.00000000e+00+0.j 0.00000000e+00+0.j ...
  0.00000000e+00+0.j 0.00000000e+00+0.j 0.00000000e+00+0.j]
 [2.05338315e-11+0.j 0.00000000e+00+0.j 0.00000000e+00+0.j ...
  0.00000000e+00+0.j 0.00000000e+00+0.j 2.50000000e-01+0.j]]"
66,0.666666667,0.672780422,0.666540726,0.500008468,0.500008468,,"[[2.50000000e-01+0.j 0.00000000e+00+0.j 0.00000000e+00+0.j ...
  0.00000000e+00+0.j 0.00000000e+00+0.j 7.16992998e-11+0.j]
 [0.00000000e+00+0.j 0.00000000e+00+0.j 0.00000000e+00+0.j ...
  0.00000000e+00+0.j 0.00000000e+00+0.j 0.00000000e+00+0.j]
 [0.00000000e+00+0.j 0.00000000e+00+0.j 0.00000000e+00+0.j ...
  0.00000000e+00+0.j 0.00000000e+00+0.j 0.00000000e+00+0.j]
 ...
 [0.00000000e+00+0.j 0.00000000e+00+0.j 0.00000000e+00+0.j ...
  0.00000000e+00+0.j 0.00000000e+00+0.j 0.00000000e+00+0.j]
 [0.00000000e+00+0.j 0.00000000e+00+0.j 0.00000000e+00+0.j ...
  0.00000000e+00+0.j 0.00000000e+00+0.j 0.00000000e+00+0.j]
 [7.16992998e-11+0.j 0.00000000e+00+0.j 0.00000000e+00+0.j ...
  0.00000000e+00+0.j 0.00000000e+00+0.j 2.50000000e-01+0.j]]"
67,0.676767677,0.672784861,0.66654525,0.50001526,0.500015251,,"[[2.50000000e-01+0.j 0.00000000e+00+0.j 0.00000000e+00+0.j ...
  0.00000000e+00+0.j 0.00000000e+00+0.j 2.32593195e-10+0.j]
 [0.00000000e+00+0.j 0.00000000e+00+0.j 0.00000000e+00+0.j ...
  0.00000000e+00+0.j 0.00000000e+00+0.j 0.00000000e+00+0.j]
 [0.00000000e+00+0.j 0.00000000e+00+0.j 0.00000000e+00+0.j ...
  0.00000000e+00+0.j 0.00000000e+00+0.j 0.00000000e+00+0.j]
 ...
 [0.00000000e+00+0.j 0.00000000e+00+0.j 0.00000000e+00+0.j ...
  0.00000000e+00+0.j 0.00000000e+00+0.j 0.00000000e+00+0.j]
 [0.00000000e+00+0.j 0.00000000e+00+0.j 0.00000000e+00+0.j ...
  0.00000000e+00+0.j 0.00000000e+00+0.j 0.00000000e+00+0.j]
 [2.32593195e-10+0.j 0.00000000e+00+0.j 0.00000000e+00+0.j ...
  0.00000000e+00+0.j 0.00000000e+00+0.j 2.50000000e-01+0.j]]"
68,0.686868687,0.672792279,0.666552809,0.500026594,0.500026585,,"[[2.5000000e-01+0.j 0.0000000e+00+0.j 0.0000000e+00+0.j ...
  0.0000000e+00+0.j 0.0000000e+00+0.j 7.0675778e-10+0.j]
 [0.0000000e+00+0.j 0.0000000e+00+0.j 0.0000000e+00+0.j ...
  0.0000000e+00+0.j 0.0000000e+00+0.j 0.0000000e+00+0.j]
 [0.0000000e+00+0.j 0.0000000e+00+0.j 0.0000000e+00+0.j ...
  0.0000000e+00+0.j 0.0000000e+00+0.j 0.0000000e+00+0.j]
 ...
 [0.0000000e+00+0.j 0.0000000e+00+0.j 0.0000000e+00+0.j ...
  0.0000000e+00+0.j 0.0000000e+00+0.j 0.0000000e+00+0.j]
 [0.0000000e+00+0.j 0.0000000e+00+0.j 0.0000000e+00+0.j ...
  0.0000000e+00+0.j 0.0000000e+00+0.j 0.0000000e+00+0.j]
 [7.0675778e-10+0.j 0.0000000e+00+0.j 0.0000000e+00+0.j ...
  0.0000000e+00+0.j 0.0000000e+00+0.j 2.5000000e-01+0.j]]"
69,0.696969697,0.672804334,0.666565094,0.500045005,0.500045005,,"[[2.50000000e-01+0.j 0.00000000e+00+0.j 0.00000000e+00+0.j ...
  0.00000000e+00+0.j 0.00000000e+00+0.j 2.02548139e-09+0.j]
 [0.00000000e+00+0.j 0.00000000e+00+0.j 0.00000000e+00+0.j ...
  0.00000000e+00+0.j 0.00000000e+00+0.j 0.00000000e+00+0.j]
 [0.00000000e+00+0.j 0.00000000e+00+0.j 0.00000000e+00+0.j ...
  0.00000000e+00+0.j 0.00000000e+00+0.j 0.00000000e+00+0.j]
 ...
 [0.00000000e+00+0.j 0.00000000e+00+0.j 0.00000000e+00+0.j ...
  0.00000000e+00+0.j 0.00000000e+00+0.j 0.00000000e+00+0.j]
 [0.00000000e+00+0.j 0.00000000e+00+0.j 0.00000000e+00+0.j ...
  0.00000000e+00+0.j 0.00000000e+00+0.j 0.00000000e+00+0.j]
 [2.02548139e-09+0.j 0.00000000e+00+0.j 0.00000000e+00+0.j ...
  0.00000000e+00+0.j 0.00000000e+00+0.j 2.50000000e-01+0.j]]"
70,0.707070707,0.672823447,0.666584571,0.500074209,0.500074218,,"[[2.50000000e-01+0.j 0.00000000e+00+0.j 0.00000000e+00+0.j ...
  0.00000000e+00+0.j 0.00000000e+00+0.j 5.50697685e-09+0.j]
 [0.00000000e+00+0.j 0.00000000e+00+0.j 0.00000000e+00+0.j ...
  0.00000000e+00+0.j 0.00000000e+00+0.j 0.00000000e+00+0.j]
 [0.00000000e+00+0.j 0.00000000e+00+0.j 0.00000000e+00+0.j ...
  0.00000000e+00+0.j 0.00000000e+00+0.j 0.00000000e+00+0.j]
 ...
 [0.00000000e+00+0.j 0.00000000e+00+0.j 0.00000000e+00+0.j ...
  0.00000000e+00+0.j 0.00000000e+00+0.j 0.00000000e+00+0.j]
 [0.00000000e+00+0.j 0.00000000e+00+0.j 0.00000000e+00+0.j ...
  0.00000000e+00+0.j 0.00000000e+00+0.j 0.00000000e+00+0.j]
 [5.50697685e-09+0.j 0.00000000e+00+0.j 0.00000000e+00+0.j ...
  0.00000000e+00+0.j 0.00000000e+00+0.j 2.50000000e-01+0.j]]"
71,0.717171717,0.672853076,0.666614765,0.500119491,0.500119482,,"[[2.50000000e-01+0.j 0.00000000e+00+0.j 0.00000000e+00+0.j ...
  0.00000000e+00+0.j 0.00000000e+00+0.j 1.42759569e-08+0.j]
 [0.00000000e+00+0.j 0.00000000e+00+0.j 0.00000000e+00+0.j ...
  0.00000000e+00+0.j 0.00000000e+00+0.j 0.00000000e+00+0.j]
 [0.00000000e+00+0.j 0.00000000e+00+0.j 0.00000000e+00+0.j ...
  0.00000000e+00+0.j 0.00000000e+00+0.j 0.00000000e+00+0.j]
 ...
 [0.00000000e+00+0.j 0.00000000e+00+0.j 0.00000000e+00+0.j ...
  0.00000000e+00+0.j 0.00000000e+00+0.j 0.00000000e+00+0.j]
 [0.00000000e+00+0.j 0.00000000e+00+0.j 0.00000000e+00+0.j ...
  0.00000000e+00+0.j 0.00000000e+00+0.j 0.00000000e+00+0.j]
 [1.42759569e-08+0.j 0.00000000e+00+0.j 0.00000000e+00+0.j ...
  0.00000000e+00+0.j 0.00000000e+00+0.j 2.50000000e-01+0.j]]"
72,0.727272727,0.672898083,0.666660631,0.500188254,0.500188262,,"[[2.50000000e-01+0.j 0.00000000e+00+0.j 0.00000000e+00+0.j ...
  0.00000000e+00+0.j 0.00000000e+00+0.j 3.54394026e-08+0.j]
 [0.00000000e+00+0.j 0.00000000e+00+0.j 0.00000000e+00+0.j ...
  0.00000000e+00+0.j 0.00000000e+00+0.j 0.00000000e+00+0.j]
 [0.00000000e+00+0.j 0.00000000e+00+0.j 0.00000000e+00+0.j ...
  0.00000000e+00+0.j 0.00000000e+00+0.j 0.00000000e+00+0.j]
 ...
 [0.00000000e+00+0.j 0.00000000e+00+0.j 0.00000000e+00+0.j ...
  0.00000000e+00+0.j 0.00000000e+00+0.j 0.00000000e+00+0.j]
 [0.00000000e+00+0.j 0.00000000e+00+0.j 0.00000000e+00+0.j ...
  0.00000000e+00+0.j 0.00000000e+00+0.j 0.00000000e+00+0.j]
 [3.54394026e-08+0.j 0.00000000e+00+0.j 0.00000000e+00+0.j ...
  0.00000000e+00+0.j 0.00000000e+00+0.j 2.50000000e-01+0.j]]"
73,0.737373737,0.672965196,0.666729024,0.500290801,0.500290801,,"[[2.50000000e-01+0.j 0.00000000e+00+0.j 0.00000000e+00+0.j ...
  0.00000000e+00+0.j 0.00000000e+00+0.j 8.45655106e-08+0.j]
 [0.00000000e+00+0.j 0.00000000e+00+0.j 0.00000000e+00+0.j ...
  0.00000000e+00+0.j 0.00000000e+00+0.j 0.00000000e+00+0.j]
 [0.00000000e+00+0.j 0.00000000e+00+0.j 0.00000000e+00+0.j ...
  0.00000000e+00+0.j 0.00000000e+00+0.j 0.00000000e+00+0.j]
 ...
 [0.00000000e+00+0.j 0.00000000e+00+0.j 0.00000000e+00+0.j ...
  0.00000000e+00+0.j 0.00000000e+00+0.j 0.00000000e+00+0.j]
 [0.00000000e+00+0.j 0.00000000e+00+0.j 0.00000000e+00+0.j ...
  0.00000000e+00+0.j 0.00000000e+00+0.j 0.00000000e+00+0.j]
 [8.45655106e-08+0.j 0.00000000e+00+0.j 0.00000000e+00+0.j ...
  0.00000000e+00+0.j 0.00000000e+00+0.j 2.50000000e-01+0.j]]"
74,0.747474747,0.673063588,0.666829291,0.500441142,0.500441151,,"[[2.50000000e-01+0.j 0.00000000e+00+0.j 0.00000000e+00+0.j ...
  0.00000000e+00+0.j 0.00000000e+00+0.j 1.94606668e-07+0.j]
 [0.00000000e+00+0.j 0.00000000e+00+0.j 0.00000000e+00+0.j ...
  0.00000000e+00+0.j 0.00000000e+00+0.j 0.00000000e+00+0.j]
 [0.00000000e+00+0.j 0.00000000e+00+0.j 0.00000000e+00+0.j ...
  0.00000000e+00+0.j 0.00000000e+00+0.j 0.00000000e+00+0.j]
 ...
 [0.00000000e+00+0.j 0.00000000e+00+0.j 0.00000000e+00+0.j ...
  0.00000000e+00+0.j 0.00000000e+00+0.j 0.00000000e+00+0.j]
 [0.00000000e+00+0.j 0.00000000e+00+0.j 0.00000000e+00+0.j ...
  0.00000000e+00+0.j 0.00000000e+00+0.j 0.00000000e+00+0.j]
 [1.94606668e-07+0.j 0.00000000e+00+0.j 0.00000000e+00+0.j ...
  0.00000000e+00+0.j 0.00000000e+00+0.j 2.50000000e-01+0.j]]"
75,0.757575758,0.673205604,0.666974016,0.500658142,0.500658142,,"[[2.50000000e-01+0.j 0.00000000e+00+0.j 0.00000000e+00+0.j ...
  0.00000000e+00+0.j 0.00000000e+00+0.j 4.33151316e-07+0.j]
 [0.00000000e+00+0.j 0.00000000e+00+0.j 0.00000000e+00+0.j ...
  0.00000000e+00+0.j 0.00000000e+00+0.j 0.00000000e+00+0.j]
 [0.00000000e+00+0.j 0.00000000e+00+0.j 0.00000000e+00+0.j ...
  0.00000000e+00+0.j 0.00000000e+00+0.j 0.00000000e+00+0.j]
 ...
 [0.00000000e+00+0.j 0.00000000e+00+0.j 0.00000000e+00+0.j ...
  0.00000000e+00+0.j 0.00000000e+00+0.j 0.00000000e+00+0.j]
 [0.00000000e+00+0.j 0.00000000e+00+0.j 0.00000000e+00+0.j ...
  0.00000000e+00+0.j 0.00000000e+00+0.j 0.00000000e+00+0.j]
 [4.33151316e-07+0.j 0.00000000e+00+0.j 0.00000000e+00+0.j ...
  0.00000000e+00+0.j 0.00000000e+00+0.j 2.50000000e-01+0.j]]"
76,0.767676768,0.673407665,0.667179929,0.500966889,0.500966889,,"[[2.50000000e-01+0.j 0.00000000e+00+0.j 0.00000000e+00+0.j ...
  0.00000000e+00+0.j 0.00000000e+00+0.j 9.34874919e-07+0.j]
 [0.00000000e+00+0.j 0.00000000e+00+0.j 0.00000000e+00+0.j ...
  0.00000000e+00+0.j 0.00000000e+00+0.j 0.00000000e+00+0.j]
 [0.00000000e+00+0.j 0.00000000e+00+0.j 0.00000000e+00+0.j ...
  0.00000000e+00+0.j 0.00000000e+00+0.j 0.00000000e+00+0.j]
 ...
 [0.00000000e+00+0.j 0.00000000e+00+0.j 0.00000000e+00+0.j ...
  0.00000000e+00+0.j 0.00000000e+00+0.j 0.00000000e+00+0.j]
 [0.00000000e+00+0.j 0.00000000e+00+0.j 0.00000000e+00+0.j ...
  0.00000000e+00+0.j 0.00000000e+00+0.j 0.00000000e+00+0.j]
 [9.34874919e-07+0.j 0.00000000e+00+0.j 0.00000000e+00+0.j ...
  0.00000000e+00+0.j 0.00000000e+00+0.j 2.50000000e-01+0.j]]"
77,0.777777778,0.673691362,0.667469037,0.501400377,0.501400377,,"[[2.5000000e-01+0.j 0.0000000e+00+0.j 0.0000000e+00+0.j ...
  0.0000000e+00+0.j 0.0000000e+00+0.j 1.9610556e-06+0.j]
 [0.0000000e+00+0.j 0.0000000e+00+0.j 0.0000000e+00+0.j ...
  0.0000000e+00+0.j 0.0000000e+00+0.j 0.0000000e+00+0.j]
 [0.0000000e+00+0.j 0.0000000e+00+0.j 0.0000000e+00+0.j ...
  0.0000000e+00+0.j 0.0000000e+00+0.j 0.0000000e+00+0.j]
 ...
 [0.0000000e+00+0.j 0.0000000e+00+0.j 0.0000000e+00+0.j ...
  0.0000000e+00+0.j 0.0000000e+00+0.j 0.0000000e+00+0.j]
 [0.0000000e+00+0.j 0.0000000e+00+0.j 0.0000000e+00+0.j ...
  0.0000000e+00+0.j 0.0000000e+00+0.j 0.0000000e+00+0.j]
 [1.9610556e-06+0.j 0.0000000e+00+0.j 0.0000000e+00+0.j ...
  0.0000000e+00+0.j 0.0000000e+00+0.j 2.5000000e-01+0.j]]"
78,0.787878788,0.674084803,0.66786998,0.502001551,0.502001551,,"[[2.50000000e-01+0.j 0.00000000e+00+0.j 0.00000000e+00+0.j ...
  0.00000000e+00+0.j 0.00000000e+00+0.j 4.00620557e-06+0.j]
 [0.00000000e+00+0.j 0.00000000e+00+0.j 0.00000000e+00+0.j ...
  0.00000000e+00+0.j 0.00000000e+00+0.j 0.00000000e+00+0.j]
 [0.00000000e+00+0.j 0.00000000e+00+0.j 0.00000000e+00+0.j ...
  0.00000000e+00+0.j 0.00000000e+00+0.j 0.00000000e+00+0.j]
 ...
 [0.00000000e+00+0.j 0.00000000e+00+0.j 0.00000000e+00+0.j ...
  0.00000000e+00+0.j 0.00000000e+00+0.j 0.00000000e+00+0.j]
 [0.00000000e+00+0.j 0.00000000e+00+0.j 0.00000000e+00+0.j ...
  0.00000000e+00+0.j 0.00000000e+00+0.j 0.00000000e+00+0.j]
 [4.00620557e-06+0.j 0.00000000e+00+0.j 0.00000000e+00+0.j ...
  0.00000000e+00+0.j 0.00000000e+00+0.j 2.50000000e-01+0.j]]"
79,0.797979798,0.674624222,0.668419685,0.502825788,0.502825779,,"[[2.50000000e-01+0.j 0.00000000e+00+0.j 0.00000000e+00+0.j ...
  0.00000000e+00+0.j 0.00000000e+00+0.j 7.98502628e-06+0.j]
 [0.00000000e+00+0.j 0.00000000e+00+0.j 0.00000000e+00+0.j ...
  0.00000000e+00+0.j 0.00000000e+00+0.j 0.00000000e+00+0.j]
 [0.00000000e+00+0.j 0.00000000e+00+0.j 0.00000000e+00+0.j ...
  0.00000000e+00+0.j 0.00000000e+00+0.j 0.00000000e+00+0.j]
 ...
 [0.00000000e+00+0.j 0.00000000e+00+0.j 0.00000000e+00+0.j ...
  0.00000000e+00+0.j 0.00000000e+00+0.j 0.00000000e+00+0.j]
 [0.00000000e+00+0.j 0.00000000e+00+0.j 0.00000000e+00+0.j ...
  0.00000000e+00+0.j 0.00000000e+00+0.j 0.00000000e+00+0.j]
 [7.98502628e-06+0.j 0.00000000e+00+0.j 0.00000000e+00+0.j ...
  0.00000000e+00+0.j 0.00000000e+00+0.j 2.50000000e-01+0.j]]"
80,0.808080808,0.675355924,0.66916534,0.503943814,0.503943814,,"[[2.50000000e-01+0.j 0.00000000e+00+0.j 0.00000000e+00+0.j ...
  0.00000000e+00+0.j 0.00000000e+00+0.j 1.55536677e-05+0.j]
 [0.00000000e+00+0.j 0.00000000e+00+0.j 0.00000000e+00+0.j ...
  0.00000000e+00+0.j 0.00000000e+00+0.j 0.00000000e+00+0.j]
 [0.00000000e+00+0.j 0.00000000e+00+0.j 0.00000000e+00+0.j ...
  0.00000000e+00+0.j 0.00000000e+00+0.j 0.00000000e+00+0.j]
 ...
 [0.00000000e+00+0.j 0.00000000e+00+0.j 0.00000000e+00+0.j ...
  0.00000000e+00+0.j 0.00000000e+00+0.j 0.00000000e+00+0.j]
 [0.00000000e+00+0.j 0.00000000e+00+0.j 0.00000000e+00+0.j ...
  0.00000000e+00+0.j 0.00000000e+00+0.j 0.00000000e+00+0.j]
 [1.55536677e-05+0.j 0.00000000e+00+0.j 0.00000000e+00+0.j ...
  0.00000000e+00+0.j 0.00000000e+00+0.j 2.50000000e-01+0.j]]"
81,0.818181818,0.676338591,0.670166745,0.505445331,0.505445322,,"[[2.50000000e-01+0.j 0.00000000e+00+0.j 0.00000000e+00+0.j ...
  0.00000000e+00+0.j 0.00000000e+00+0.j 2.96515299e-05+0.j]
 [0.00000000e+00+0.j 0.00000000e+00+0.j 0.00000000e+00+0.j ...
  0.00000000e+00+0.j 0.00000000e+00+0.j 0.00000000e+00+0.j]
 [0.00000000e+00+0.j 0.00000000e+00+0.j 0.00000000e+00+0.j ...
  0.00000000e+00+0.j 0.00000000e+00+0.j 0.00000000e+00+0.j]
 ...
 [0.00000000e+00+0.j 0.00000000e+00+0.j 0.00000000e+00+0.j ...
  0.00000000e+00+0.j 0.00000000e+00+0.j 0.00000000e+00+0.j]
 [0.00000000e+00+0.j 0.00000000e+00+0.j 0.00000000e+00+0.j ...
  0.00000000e+00+0.j 0.00000000e+00+0.j 0.00000000e+00+0.j]
 [2.96515299e-05+0.j 0.00000000e+00+0.j 0.00000000e+00+0.j ...
  0.00000000e+00+0.j 0.00000000e+00+0.j 2.50000000e-01+0.j]]"
82,0.828282828,0.67764602,0.671499105,0.507443071,0.507443062,,"[[2.50000000e-01+0.j 0.00000000e+00+0.j 0.00000000e+00+0.j ...
  0.00000000e+00+0.j 0.00000000e+00+0.j 5.53991689e-05+0.j]
 [0.00000000e+00+0.j 0.00000000e+00+0.j 0.00000000e+00+0.j ...
  0.00000000e+00+0.j 0.00000000e+00+0.j 0.00000000e+00+0.j]
 [0.00000000e+00+0.j 0.00000000e+00+0.j 0.00000000e+00+0.j ...
  0.00000000e+00+0.j 0.00000000e+00+0.j 0.00000000e+00+0.j]
 ...
 [0.00000000e+00+0.j 0.00000000e+00+0.j 0.00000000e+00+0.j ...
  0.00000000e+00+0.j 0.00000000e+00+0.j 0.00000000e+00+0.j]
 [0.00000000e+00+0.j 0.00000000e+00+0.j 0.00000000e+00+0.j ...
  0.00000000e+00+0.j 0.00000000e+00+0.j 0.00000000e+00+0.j]
 [5.53991689e-05+0.j 0.00000000e+00+0.j 0.00000000e+00+0.j ...
  0.00000000e+00+0.j 0.00000000e+00+0.j 2.50000000e-01+0.j]]"
83,0.838383838,0.679370339,0.673256305,0.510077808,0.510077808,,"[[2.50000000e-01+0.j 0.00000000e+00+0.j 0.00000000e+00+0.j ...
  0.00000000e+00+0.j 0.00000000e+00+0.j 1.01562217e-04+0.j]
 [0.00000000e+00+0.j 0.00000000e+00+0.j 0.00000000e+00+0.j ...
  0.00000000e+00+0.j 0.00000000e+00+0.j 0.00000000e+00+0.j]
 [0.00000000e+00+0.j 0.00000000e+00+0.j 0.00000000e+00+0.j ...
  0.00000000e+00+0.j 0.00000000e+00+0.j 0.00000000e+00+0.j]
 ...
 [0.00000000e+00+0.j 0.00000000e+00+0.j 0.00000000e+00+0.j ...
  0.00000000e+00+0.j 0.00000000e+00+0.j 0.00000000e+00+0.j]
 [0.00000000e+00+0.j 0.00000000e+00+0.j 0.00000000e+00+0.j ...
  0.00000000e+00+0.j 0.00000000e+00+0.j 0.00000000e+00+0.j]
 [1.01562217e-04+0.j 0.00000000e+00+0.j 0.00000000e+00+0.j ...
  0.00000000e+00+0.j 0.00000000e+00+0.j 2.50000000e-01+0.j]]"
84,0.848484848,0.681625789,0.675554764,0.513524118,0.513524118,,"[[2.5000000e-01+0.j 0.0000000e+00+0.j 0.0000000e+00+0.j ...
  0.0000000e+00+0.j 0.0000000e+00+0.j 1.8290178e-04+0.j]
 [0.0000000e+00+0.j 0.0000000e+00+0.j 0.0000000e+00+0.j ...
  0.0000000e+00+0.j 0.0000000e+00+0.j 0.0000000e+00+0.j]
 [0.0000000e+00+0.j 0.0000000e+00+0.j 0.0000000e+00+0.j ...
  0.0000000e+00+0.j 0.0000000e+00+0.j 0.0000000e+00+0.j]
 ...
 [0.0000000e+00+0.j 0.0000000e+00+0.j 0.0000000e+00+0.j ...
  0.0000000e+00+0.j 0.0000000e+00+0.j 0.0000000e+00+0.j]
 [0.0000000e+00+0.j 0.0000000e+00+0.j 0.0000000e+00+0.j ...
  0.0000000e+00+0.j 0.0000000e+00+0.j 0.0000000e+00+0.j]
 [1.8290178e-04+0.j 0.0000000e+00+0.j 0.0000000e+00+0.j ...
  0.0000000e+00+0.j 0.0000000e+00+0.j 2.5000000e-01+0.j]]"
85,0.858585859,0.684553122,0.678537917,0.517997059,0.517997059,,"[[0.25      +0.j 0.        +0.j 0.        +0.j ... 0.        +0.j
  0.        +0.j 0.00032389+0.j]
 [0.        +0.j 0.        +0.j 0.        +0.j ... 0.        +0.j
  0.        +0.j 0.        +0.j]
 [0.        +0.j 0.        +0.j 0.        +0.j ... 0.        +0.j
  0.        +0.j 0.        +0.j]
 ...
 [0.        +0.j 0.        +0.j 0.        +0.j ... 0.        +0.j
  0.        +0.j 0.        +0.j]
 [0.        +0.j 0.        +0.j 0.        +0.j ... 0.        +0.j
  0.        +0.j 0.        +0.j]
 [0.00032389+0.j 0.        +0.j 0.        +0.j ... 0.        +0.j
  0.        +0.j 0.25      +0.j]]"
86,0.868686869,0.688324707,0.682381421,0.523760012,0.523760012,,"[[0.25      +0.j 0.        +0.j 0.        +0.j ... 0.        +0.j
  0.        +0.j 0.00056454+0.j]
 [0.        +0.j 0.        +0.j 0.        +0.j ... 0.        +0.j
  0.        +0.j 0.        +0.j]
 [0.        +0.j 0.        +0.j 0.        +0.j ... 0.        +0.j
  0.        +0.j 0.        +0.j]
 ...
 [0.        +0.j 0.        +0.j 0.        +0.j ... 0.        +0.j
  0.        +0.j 0.        +0.j]
 [0.        +0.j 0.        +0.j 0.        +0.j ... 0.        +0.j
  0.        +0.j 0.        +0.j]
 [0.00056454+0.j 0.        +0.j 0.        +0.j ... 0.        +0.j
  0.        +0.j 0.25      +0.j]]"
87,0.878787879,0.693150441,0.687299176,0.531133697,0.531133697,,"[[0.25      +0.j 0.        +0.j 0.        +0.j ... 0.        +0.j
  0.        +0.j 0.00096931+0.j]
 [0.        +0.j 0.        +0.j 0.        +0.j ... 0.        +0.j
  0.        +0.j 0.        +0.j]
 [0.        +0.j 0.        +0.j 0.        +0.j ... 0.        +0.j
  0.        +0.j 0.        +0.j]
 ...
 [0.        +0.j 0.        +0.j 0.        +0.j ... 0.        +0.j
  0.        +0.j 0.        +0.j]
 [0.        +0.j 0.        +0.j 0.        +0.j ... 0.        +0.j
  0.        +0.j 0.        +0.j]
 [0.00096931+0.j 0.        +0.j 0.        +0.j ... 0.        +0.j
  0.        +0.j 0.25      +0.j]]"
88,0.888888889,0.699284541,0.693550245,0.540506555,0.540506564,,"[[0.25      +0.j 0.        +0.j 0.        +0.j ... 0.        +0.j
  0.        +0.j 0.00164078+0.j]
 [0.        +0.j 0.        +0.j 0.        +0.j ... 0.        +0.j
  0.        +0.j 0.        +0.j]
 [0.        +0.j 0.        +0.j 0.        +0.j ... 0.        +0.j
  0.        +0.j 0.        +0.j]
 ...
 [0.        +0.j 0.        +0.j 0.        +0.j ... 0.        +0.j
  0.        +0.j 0.        +0.j]
 [0.        +0.j 0.        +0.j 0.        +0.j ... 0.        +0.j
  0.        +0.j 0.        +0.j]
 [0.00164078+0.j 0.        +0.j 0.        +0.j ... 0.        +0.j
  0.        +0.j 0.25      +0.j]]"
89,0.898989899,0.707033337,0.701446802,0.552346659,0.552346659,,"[[0.25      +0.j 0.        +0.j 0.        +0.j ... 0.        +0.j
  0.        +0.j 0.00274017+0.j]
 [0.        +0.j 0.        +0.j 0.        +0.j ... 0.        +0.j
  0.        +0.j 0.        +0.j]
 [0.        +0.j 0.        +0.j 0.        +0.j ... 0.        +0.j
  0.        +0.j 0.        +0.j]
 ...
 [0.        +0.j 0.        +0.j 0.        +0.j ... 0.        +0.j
  0.        +0.j 0.        +0.j]
 [0.        +0.j 0.        +0.j 0.        +0.j ... 0.        +0.j
  0.        +0.j 0.        +0.j]
 [0.00274017+0.j 0.        +0.j 0.        +0.j ... 0.        +0.j
  0.        +0.j 0.25      +0.j]]"
90,0.909090909,0.716764179,0.711363199,0.567215316,0.567215326,,"[[0.25     +0.j 0.       +0.j 0.       +0.j ... 0.       +0.j
  0.       +0.j 0.0045179+0.j]
 [0.       +0.j 0.       +0.j 0.       +0.j ... 0.       +0.j
  0.       +0.j 0.       +0.j]
 [0.       +0.j 0.       +0.j 0.       +0.j ... 0.       +0.j
  0.       +0.j 0.       +0.j]
 ...
 [0.       +0.j 0.       +0.j 0.       +0.j ... 0.       +0.j
  0.       +0.j 0.       +0.j]
 [0.       +0.j 0.       +0.j 0.       +0.j ... 0.       +0.j
  0.       +0.j 0.       +0.j]
 [0.0045179+0.j 0.       +0.j 0.       +0.j ... 0.       +0.j
  0.       +0.j 0.25     +0.j]]"
91,0.919191919,0.728915569,0.7237463,0.585782569,0.585782566,,"[[0.25      +0.j 0.        +0.j 0.        +0.j ... 0.        +0.j
  0.        +0.j 0.00735865+0.j]
 [0.        +0.j 0.        +0.j 0.        +0.j ... 0.        +0.j
  0.        +0.j 0.        +0.j]
 [0.        +0.j 0.        +0.j 0.        +0.j ... 0.        +0.j
  0.        +0.j 0.        +0.j]
 ...
 [0.        +0.j 0.        +0.j 0.        +0.j ... 0.        +0.j
  0.        +0.j 0.        +0.j]
 [0.        +0.j 0.        +0.j 0.        +0.j ... 0.        +0.j
  0.        +0.j 0.        +0.j]
 [0.00735865+0.j 0.        +0.j 0.        +0.j ... 0.        +0.j
  0.        +0.j 0.25      +0.j]]"
92,0.929292929,0.744008664,0.739127202,0.608844707,0.608844721,,"[[0.25      +0.j 0.        +0.j 0.        +0.j ... 0.        +0.j
  0.        +0.j 0.01184717+0.j]
 [0.        +0.j 0.        +0.j 0.        +0.j ... 0.        +0.j
  0.        +0.j 0.        +0.j]
 [0.        +0.j 0.        +0.j 0.        +0.j ... 0.        +0.j
  0.        +0.j 0.        +0.j]
 ...
 [0.        +0.j 0.        +0.j 0.        +0.j ... 0.        +0.j
  0.        +0.j 0.        +0.j]
 [0.        +0.j 0.        +0.j 0.        +0.j ... 0.        +0.j
  0.        +0.j 0.        +0.j]
 [0.01184717+0.j 0.        +0.j 0.        +0.j ... 0.        +0.j
  0.        +0.j 0.25      +0.j]]"
93,0.939393939,0.762660292,0.758134494,0.637344282,0.637344282,,"[[0.25      +0.j 0.        +0.j 0.        +0.j ... 0.        +0.j
  0.        +0.j 0.01886345+0.j]
 [0.        +0.j 0.        +0.j 0.        +0.j ... 0.        +0.j
  0.        +0.j 0.        +0.j]
 [0.        +0.j 0.        +0.j 0.        +0.j ... 0.        +0.j
  0.        +0.j 0.        +0.j]
 ...
 [0.        +0.j 0.        +0.j 0.        +0.j ... 0.        +0.j
  0.        +0.j 0.        +0.j]
 [0.        +0.j 0.        +0.j 0.        +0.j ... 0.        +0.j
  0.        +0.j 0.        +0.j]
 [0.01886345+0.j 0.        +0.j 0.        +0.j ... 0.        +0.j
  0.        +0.j 0.25      +0.j]]"
94,0.949494949,0.785597626,0.781509215,0.672392404,0.672392414,,"[[0.25      +0.j 0.        +0.j 0.        +0.j ... 0.        +0.j
  0.        +0.j 0.02971914+0.j]
 [0.        +0.j 0.        +0.j 0.        +0.j ... 0.        +0.j
  0.        +0.j 0.        +0.j]
 [0.        +0.j 0.        +0.j 0.        +0.j ... 0.        +0.j
  0.        +0.j 0.        +0.j]
 ...
 [0.        +0.j 0.        +0.j 0.        +0.j ... 0.        +0.j
  0.        +0.j 0.        +0.j]
 [0.        +0.j 0.        +0.j 0.        +0.j ... 0.        +0.j
  0.        +0.j 0.        +0.j]
 [0.02971914+0.j 0.        +0.j 0.        +0.j ... 0.        +0.j
  0.        +0.j 0.25      +0.j]]"
95,0.95959596,0.813674691,0.810121675,0.715294027,0.715294042,,"[[0.25      +0.j 0.        +0.j 0.        +0.j ... 0.        +0.j
  0.        +0.j 0.04635152+0.j]
 [0.        +0.j 0.        +0.j 0.        +0.j ... 0.        +0.j
  0.        +0.j 0.        +0.j]
 [0.        +0.j 0.        +0.j 0.        +0.j ... 0.        +0.j
  0.        +0.j 0.        +0.j]
 ...
 [0.        +0.j 0.        +0.j 0.        +0.j ... 0.        +0.j
  0.        +0.j 0.        +0.j]
 [0.        +0.j 0.        +0.j 0.        +0.j ... 0.        +0.j
  0.        +0.j 0.        +0.j]
 [0.04635152+0.j 0.        +0.j 0.        +0.j ... 0.        +0.j
  0.        +0.j 0.25      +0.j]]"
96,0.96969697,0.847890878,0.844990324,0.767576238,0.767576249,,"[[0.25      +0.j 0.        +0.j 0.        +0.j ... 0.        +0.j
  0.        +0.j 0.07159704+0.j]
 [0.        +0.j 0.        +0.j 0.        +0.j ... 0.        +0.j
  0.        +0.j 0.        +0.j]
 [0.        +0.j 0.        +0.j 0.        +0.j ... 0.        +0.j
  0.        +0.j 0.        +0.j]
 ...
 [0.        +0.j 0.        +0.j 0.        +0.j ... 0.        +0.j
  0.        +0.j 0.        +0.j]
 [0.        +0.j 0.        +0.j 0.        +0.j ... 0.        +0.j
  0.        +0.j 0.        +0.j]
 [0.07159704+0.j 0.        +0.j 0.        +0.j ... 0.        +0.j
  0.        +0.j 0.25      +0.j]]"
97,0.97979798,0.889411657,0.887302855,0.831019918,0.831019922,,"[[0.25      +0.j 0.        +0.j 0.        +0.j ... 0.        +0.j
  0.        +0.j 0.10957418+0.j]
 [0.        +0.j 0.        +0.j 0.        +0.j ... 0.        +0.j
  0.        +0.j 0.        +0.j]
 [0.        +0.j 0.        +0.j 0.        +0.j ... 0.        +0.j
  0.        +0.j 0.        +0.j]
 ...
 [0.        +0.j 0.        +0.j 0.        +0.j ... 0.        +0.j
  0.        +0.j 0.        +0.j]
 [0.        +0.j 0.        +0.j 0.        +0.j ... 0.        +0.j
  0.        +0.j 0.        +0.j]
 [0.10957418+0.j 0.        +0.j 0.        +0.j ... 0.        +0.j
  0.        +0.j 0.25      +0.j]]"
98,0.98989899,0.93959167,0.938439743,0.907695015,0.907695027,,"[[0.25      +0.j 0.        +0.j 0.        +0.j ... 0.        +0.j
  0.        +0.j 0.16621523+0.j]
 [0.        +0.j 0.        +0.j 0.        +0.j ... 0.        +0.j
  0.        +0.j 0.        +0.j]
 [0.        +0.j 0.        +0.j 0.        +0.j ... 0.        +0.j
  0.        +0.j 0.        +0.j]
 ...
 [0.        +0.j 0.        +0.j 0.        +0.j ... 0.        +0.j
  0.        +0.j 0.        +0.j]
 [0.        +0.j 0.        +0.j 0.        +0.j ... 0.        +0.j
  0.        +0.j 0.        +0.j]
 [0.16621523+0.j 0.        +0.j 0.        +0.j ... 0.        +0.j
  0.        +0.j 0.25      +0.j]]"
99,1,1,1,1,1,,"[[0.25+0.j 0.  +0.j 0.  +0.j ... 0.  +0.j 0.  +0.j 0.25+0.j]
 [0.  +0.j 0.  +0.j 0.  +0.j ... 0.  +0.j 0.  +0.j 0.  +0.j]
 [0.  +0.j 0.  +0.j 0.  +0.j ... 0.  +0.j 0.  +0.j 0.  +0.j]
 ...
 [0.  +0.j 0.  +0.j 0.  +0.j ... 0.  +0.j 0.  +0.j 0.  +0.j]
 [0.  +0.j 0.  +0.j 0.  +0.j ... 0.  +0.j 0.  +0.j 0.  +0.j]
 [0.25+0.j 0.  +0.j 0.  +0.j ... 0.  +0.j 0.  +0.j 0.25+0.j]]"
